detector_name,route,direction,lat,lon,lane
3707,I-35E,NB,44.75311,-93.26185,1
3708,I-35E,NB,44.75311,-93.26185,2
3711,I-35E,NB,44.75685,-93.25318,0
3709,I-35E,NB,44.75754,-93.25151,1
3710,I-35E,NB,44.75754,-93.25151,2
3712,I-35E,NB,44.76091,-93.24488,1
3713,I-35E,NB,44.76091,-93.24488,2
3714,I-35E,NB,44.76192,-93.24327,0
3715,I-35E,NB,44.76192,-93.24327,0
4560,I-35E,NB,44.76192,-93.24327,0
3716,I-35E,NB,44.76595,-93.23678,1
3717,I-35E,NB,44.76595,-93.23678,2
3720,I-35E,NB,44.77529,-93.22145,0
3718,I-35E,NB,44.77579,-93.2211,1
3719,I-35E,NB,44.77579,-93.2211,2
3722,I-35E,NB,44.77724,-93.21841,0
3724,I-35E,NB,44.77996,-93.21443,1
3725,I-35E,NB,44.77996,-93.21443,2
3726,I-35E,NB,44.78111,-93.21217,0
4500,I-35E,NB,44.78111,-93.21217,0
3727,I-35E,NB,44.78509,-93.20706,1
3728,I-35E,NB,44.78509,-93.20706,2
3729,I-35E,NB,44.78509,-93.20706,3
3730,I-35E,NB,44.7871,-93.20461,0
3731,I-35E,NB,44.79144,-93.20033,1
3732,I-35E,NB,44.79144,-93.20033,2
3733,I-35E,NB,44.79144,-93.20033,3
3734,I-35E,NB,44.79387,-93.19844,0
3735,I-35E,NB,44.79387,-93.19844,0
3736,I-35E,NB,44.79387,-93.19844,0
4501,I-35E,NB,44.79387,-93.19844,0
3737,I-35E,NB,44.7973,-93.19583,1
3738,I-35E,NB,44.7973,-93.19583,2
3739,I-35E,NB,44.7973,-93.19583,3
3740,I-35E,NB,44.80063,-93.19329,0
3741,I-35E,NB,44.80372,-93.19091,1
3742,I-35E,NB,44.80372,-93.19091,2
3743,I-35E,NB,44.80372,-93.19091,3
3744,I-35E,NB,44.80888,-93.18687,0
3745,I-35E,NB,44.80888,-93.18687,0
4502,I-35E,NB,44.80888,-93.18687,0
3746,I-35E,NB,44.8101,-93.18552,1
3747,I-35E,NB,44.8101,-93.18552,2
3748,I-35E,NB,44.8101,-93.18552,3
3749,I-35E,NB,44.8123,-93.18054,1
3750,I-35E,NB,44.8123,-93.18054,2
3751,I-35E,NB,44.8123,-93.18054,3
3752,I-35E,NB,44.82294,-93.17256,1
3753,I-35E,NB,44.82294,-93.17256,2
3754,I-35E,NB,44.82294,-93.17256,3
3755,I-35E,NB,44.82553,-93.17154,0
3756,I-35E,NB,44.82907,-93.16825,1
3757,I-35E,NB,44.82907,-93.16825,2
3758,I-35E,NB,44.82907,-93.16825,3
3759,I-35E,NB,44.83323,-93.1638,0
3760,I-35E,NB,44.83323,-93.1638,0
3773,I-35E,NB,44.83323,-93.1638,0
4503,I-35E,NB,44.83323,-93.1638,0
3761,I-35E,NB,44.83472,-93.16272,1
3762,I-35E,NB,44.83472,-93.16272,2
3763,I-35E,NB,44.83472,-93.16272,3
3764,I-35E,NB,44.83472,-93.16272,4
3765,I-35E,NB,44.83687,-93.16111,0
3766,I-35E,NB,44.83687,-93.16111,0
4504,I-35E,NB,44.83687,-93.16111,0
3767,I-35E,NB,44.83911,-93.15945,0
3768,I-35E,NB,44.83911,-93.15945,0
4505,I-35E,NB,44.83911,-93.15945,0
5307,I-35E,NB,44.83911,-93.15945,2
3769,I-35E,NB,44.84134,-93.15781,1
3770,I-35E,NB,44.84134,-93.15781,2
3771,I-35E,NB,44.84134,-93.15781,3
3772,I-35E,NB,44.84134,-93.15781,4
3350,I-35E,NB,44.84413,-93.15572,0
3351,I-35E,NB,44.84846,-93.15249,1
3352,I-35E,NB,44.84846,-93.15249,2
3353,I-35E,NB,44.84846,-93.15249,3
3354,I-35E,NB,44.84846,-93.15249,4
3348,I-35E,NB,44.85183,-93.14993,0
3349,I-35E,NB,44.85183,-93.14993,0
3355,I-35E,NB,44.85183,-93.14993,0
4506,I-35E,NB,44.85183,-93.14993,0
3360,I-35E,NB,44.85854,-93.14534,0
3359,I-35E,NB,44.85929,-93.14512,0
3356,I-35E,NB,44.86076,-93.14543,1
3357,I-35E,NB,44.86076,-93.14543,2
3358,I-35E,NB,44.86076,-93.14543,3
3362,I-35E,NB,44.86227,-93.14484,0
3361,I-35E,NB,44.86317,-93.14482,0
3341,I-35E,NB,44.86593,-93.14441,0
3363,I-35E,NB,44.86593,-93.14441,0
4507,I-35E,NB,44.86593,-93.14441,0
3342,I-35E,NB,44.86668,-93.14436,0
3364,I-35E,NB,44.86668,-93.14436,0
4508,I-35E,NB,44.86668,-93.14436,0
3365,I-35E,NB,44.87402,-93.14343,1
3366,I-35E,NB,44.87402,-93.14343,2
3367,I-35E,NB,44.87402,-93.14343,3
3368,I-35E,NB,44.88141,-93.1402,1
3369,I-35E,NB,44.88141,-93.1402,2
3370,I-35E,NB,44.88141,-93.1402,3
3371,I-35E,NB,44.88514,-93.13676,0
3343,I-35E,NB,44.88712,-93.13347,0
3372,I-35E,NB,44.88712,-93.13347,0
4509,I-35E,NB,44.88712,-93.13347,0
3373,I-35E,NB,44.88866,-93.13195,1
3374,I-35E,NB,44.88866,-93.13195,2
3375,I-35E,NB,44.89518,-93.13128,1
3376,I-35E,NB,44.89518,-93.13128,2
3377,I-35E,NB,44.89812,-93.13338,0
3378,I-35E,NB,44.89971,-93.13464,1
3379,I-35E,NB,44.89971,-93.13464,2
3380,I-35E,NB,44.90113,-93.13586,0
3536,I-35E,NB,44.90113,-93.13586,0
4510,I-35E,NB,44.90113,-93.13586,0
3381,I-35E,NB,44.90924,-93.14292,0
3382,I-35E,NB,44.90956,-93.1431,1
3383,I-35E,NB,44.90956,-93.1431,2
3475,I-35E,NB,44.90956,-93.1431,3
3384,I-35E,NB,44.91371,-93.14416,0
3385,I-35E,NB,44.91509,-93.14421,1
3386,I-35E,NB,44.91509,-93.14421,2
3344,I-35E,NB,44.91529,-93.14423,0
3387,I-35E,NB,44.91529,-93.14423,0
4511,I-35E,NB,44.91529,-93.14423,0
3388,I-35E,NB,44.92389,-93.14483,0
3389,I-35E,NB,44.92558,-93.14489,1
3390,I-35E,NB,44.92558,-93.14489,2
5007,I-35E,NB,44.92658,-93.1448,0
3391,I-35E,NB,44.92946,-93.14293,1
3392,I-35E,NB,44.92946,-93.14293,2
3345,I-35E,NB,44.93014,-93.14189,0
3393,I-35E,NB,44.93014,-93.14189,0
4512,I-35E,NB,44.93014,-93.14189,0
3394,I-35E,NB,44.93144,-93.13367,1
3395,I-35E,NB,44.93144,-93.13367,2
3346,I-35E,NB,44.93144,-93.13294,0
3396,I-35E,NB,44.93144,-93.13294,0
4513,I-35E,NB,44.93144,-93.13294,0
3397,I-35E,NB,44.93497,-93.12549,1
3398,I-35E,NB,44.93497,-93.12549,2
3347,I-35E,NB,44.93596,-93.12397,0
3399,I-35E,NB,44.93596,-93.12397,0
4514,I-35E,NB,44.93596,-93.12397,0
3400,I-35E,NB,44.93975,-93.11587,0
3401,I-35E,NB,44.93991,-93.11547,1
3402,I-35E,NB,44.93991,-93.11547,2
3403,I-35E,NB,44.94491,-93.10691,0
T3589,I-35E,NB,44.94518,-93.10649,1
T3590,I-35E,NB,44.94518,-93.10649,2
3404,I-35E,NB,44.9459,-93.10546,1
3405,I-35E,NB,44.9459,-93.10546,2
2357,I-35E,NB,44.94707,-93.10384,0
2372,I-35E,NB,44.94847,-93.10265,0
T3593,I-35E,NB,44.94934,-93.10211,1
T3594,I-35E,NB,44.94934,-93.10211,2
2370,I-35E,NB,44.94965,-93.10189,1
2371,I-35E,NB,44.94965,-93.10189,2
2373,I-35E,NB,44.95388,-93.09314,1
2374,I-35E,NB,44.95388,-93.09314,2
T3597,I-35E,NB,44.95405,-93.09279,1
T3598,I-35E,NB,44.95405,-93.09279,2
2375,I-35E,NB,44.95443,-93.09204,1
2376,I-35E,NB,44.95443,-93.09204,2
2423,I-35E,NB,44.95443,-93.09204,0
4515,I-35E,NB,44.95443,-93.09204,0
2377,I-35E,NB,44.9548,-93.09036,1
2378,I-35E,NB,44.95538,-93.09088,0
2379,I-35E,NB,44.95538,-93.09088,0
2488,I-35E,NB,44.95538,-93.09088,0
4516,I-35E,NB,44.95538,-93.09088,0
T3601,I-35E,NB,44.95881,-93.09061,1
T3602,I-35E,NB,44.95881,-93.09061,2
T3603,I-35E,NB,44.95881,-93.09061,3
T3604,I-35E,NB,44.95881,-93.09061,4
T3605,I-35E,NB,44.95881,-93.09061,5
2381,I-35E,NB,44.95991,-93.09057,1
2382,I-35E,NB,44.95991,-93.09057,2
2383,I-35E,NB,44.95991,-93.09057,3
2384,I-35E,NB,44.95991,-93.09057,4
7127,I-35E,NB,44.95991,-93.09057,5
7128,I-35E,NB,44.96612,-93.09052,0
10009,I-35E,NB,44.96653,-93.09045,0
7129,I-35E,NB,44.96653,-93.09045,0
7130,I-35E,NB,44.96653,-93.09045,0
2389,I-35E,NB,44.97185,-93.08854,1
2390,I-35E,NB,44.97185,-93.08854,2
2391,I-35E,NB,44.97185,-93.08854,3
7131,I-35E,NB,44.97185,-93.08854,4
7132,I-35E,NB,44.97185,-93.08854,5
2392,I-35E,NB,44.97448,-93.08847,0
2393,I-35E,NB,44.97824,-93.08859,1
2394,I-35E,NB,44.97824,-93.08859,2
2395,I-35E,NB,44.97824,-93.08859,3
7133,I-35E,NB,44.97824,-93.08859,4
2396,I-35E,NB,44.97998,-93.08863,0
2493,I-35E,NB,44.97998,-93.08863,1
2494,I-35E,NB,44.97998,-93.08863,2
4518,I-35E,NB,44.97998,-93.08863,0
2400,I-35E,NB,44.98666,-93.08887,0
2564,I-35E,NB,44.98666,-93.08887,0
2397,I-35E,NB,44.98758,-93.08891,1
2398,I-35E,NB,44.98758,-93.08891,2
2399,I-35E,NB,44.98758,-93.08891,3
7561,I-35E,NB,44.98758,-93.08891,4
2401,I-35E,NB,44.9926,-93.08913,1
2402,I-35E,NB,44.9926,-93.08913,2
2403,I-35E,NB,44.9926,-93.08913,3
7560,I-35E,NB,44.9926,-93.08913,4
2404,I-35E,NB,44.99469,-93.08921,0
2495,I-35E,NB,44.99469,-93.08921,0
2568,I-35E,NB,44.99469,-93.08921,0
4519,I-35E,NB,44.99469,-93.08921,0
2405,I-35E,NB,44.99643,-93.08927,0
2406,I-35E,NB,45.00008,-93.08936,1
2407,I-35E,NB,45.00008,-93.08936,2
2408,I-35E,NB,45.00008,-93.08936,3
7559,I-35E,NB,45.00008,-93.08936,4
2409,I-35E,NB,45.00225,-93.0894,0
2496,I-35E,NB,45.00225,-93.0894,0
4520,I-35E,NB,45.00225,-93.0894,0
2410,I-35E,NB,45.00496,-93.08944,1
2411,I-35E,NB,45.00496,-93.08944,2
2412,I-35E,NB,45.00496,-93.08944,3
7558,I-35E,NB,45.00496,-93.08944,4
2413,I-35E,NB,45.01012,-93.08952,0
2497,I-35E,NB,45.01012,-93.08952,0
4521,I-35E,NB,45.01012,-93.08952,0
2414,I-35E,NB,45.012,-93.08957,1
2415,I-35E,NB,45.012,-93.08957,2
2416,I-35E,NB,45.012,-93.08957,3
7557,I-35E,NB,45.012,-93.08957,4
2417,I-35E,NB,45.01348,-93.08957,0
2498,I-35E,NB,45.01348,-93.08957,0
4522,I-35E,NB,45.01348,-93.08957,0
2418,I-35E,NB,45.01989,-93.08961,0
7553,I-35E,NB,45.02193,-93.08958,1
7554,I-35E,NB,45.02193,-93.08958,2
7555,I-35E,NB,45.02193,-93.08958,3
7556,I-35E,NB,45.02193,-93.08958,4
2419,I-35E,NB,45.02306,-93.08956,1
2420,I-35E,NB,45.02306,-93.08956,2
2421,I-35E,NB,45.02306,-93.08956,3
5472,I-35E,NB,45.02306,-93.08956,4
2422,I-35E,NB,45.02893,-93.08943,0
2499,I-35E,NB,45.02893,-93.08943,0
4523,I-35E,NB,45.02893,-93.08943,0
5474,I-35E,NB,45.03054,-93.0894,1
5475,I-35E,NB,45.03054,-93.0894,2
5476,I-35E,NB,45.0336,-93.08766,1
5477,I-35E,NB,45.0336,-93.08766,2
5478,I-35E,NB,45.0336,-93.08766,3
5473,I-35E,NB,45.03367,-93.08751,0
5533,I-35E,NB,45.03626,-93.07645,1
5534,I-35E,NB,45.03626,-93.07645,2
5535,I-35E,NB,45.03626,-93.07645,3
5536,I-35E,NB,45.03626,-93.07645,4
5537,I-35E,NB,45.03626,-93.07645,5
5538,I-35E,NB,45.03626,-93.07645,6
7822,I-35E,NB,45.03626,-93.07645,1
5479,I-35E,NB,45.0381,-93.06344,1
5480,I-35E,NB,45.0381,-93.06344,2
5481,I-35E,NB,45.0381,-93.06344,3
7831,I-35E,NB,45.0381,-93.06344,1
7832,I-35E,NB,45.0381,-93.06344,2
7833,I-35E,NB,45.0381,-93.06344,3
5482,I-35E,NB,45.04765,-93.0598,0
5483,I-35E,NB,45.0496,-93.05904,1
5484,I-35E,NB,45.0496,-93.05904,2
5485,I-35E,NB,45.0496,-93.05904,3
6357,I-35E,NB,45.05181,-93.05824,0
7724,I-35E,NB,45.05181,-93.05824,0
6358,I-35E,NB,45.05777,-93.05706,1
6359,I-35E,NB,45.05777,-93.05706,2
7702,I-35E,NB,45.05777,-93.05706,3
6360,I-35E,NB,45.06445,-93.05546,1
6361,I-35E,NB,45.06445,-93.05546,2
7703,I-35E,NB,45.06445,-93.05546,3
6362,I-35E,NB,45.07415,-93.05246,1
6363,I-35E,NB,45.07415,-93.05246,2
7704,I-35E,NB,45.07415,-93.05246,3
6364,I-35E,NB,45.07801,-93.05256,0
6365,I-35E,NB,45.07913,-93.05263,1
6366,I-35E,NB,45.07913,-93.05263,2
4971,I-35E,NB,45.08092,-93.05269,0
6367,I-35E,NB,45.08092,-93.05269,0
6368,I-35E,NB,45.08962,-93.05232,1
6369,I-35E,NB,45.08962,-93.05232,2
7834,I-35E,NB,45.08962,-93.05232,3
6370,I-35E,NB,45.09423,-93.05184,1
6371,I-35E,NB,45.09423,-93.05184,2
7835,I-35E,NB,45.09423,-93.05184,3
6372,I-35E,NB,45.10435,-93.04993,1
6373,I-35E,NB,45.10435,-93.04993,2
7836,I-35E,NB,45.10435,-93.04993,3
6374,I-35E,NB,45.10888,-93.04918,1
6375,I-35E,NB,45.10888,-93.04918,2
7837,I-35E,NB,45.10888,-93.04918,3
6376,I-35E,NB,45.11688,-93.04941,1
6377,I-35E,NB,45.11688,-93.04941,2
7838,I-35E,NB,45.11688,-93.04941,3
6378,I-35E,NB,45.12214,-93.04954,0
7823,I-35E,NB,45.12354,-93.04948,1
7824,I-35E,NB,45.12354,-93.04948,2
7825,I-35E,NB,45.12354,-93.04948,3
6379,I-35E,NB,45.12503,-93.04928,1
6380,I-35E,NB,45.12503,-93.04928,2
7839,I-35E,NB,45.12503,-93.04928,3
9641,I-35E,NB,45.12561,-93.04904,0
6381,I-35E,NB,45.13178,-93.04339,1
6382,I-35E,NB,45.13178,-93.04339,2
3832,I-35E,SB,44.7533,-93.26202,1
3833,I-35E,SB,44.7533,-93.26202,2
3831,I-35E,SB,44.75689,-93.25378,0
3829,I-35E,SB,44.75771,-93.25176,1
3830,I-35E,SB,44.75771,-93.25176,2
3827,I-35E,SB,44.76111,-93.24503,1
3828,I-35E,SB,44.76111,-93.24503,2
3826,I-35E,SB,44.7625,-93.24283,0
3824,I-35E,SB,44.76615,-93.23701,1
3825,I-35E,SB,44.76615,-93.23701,2
3822,I-35E,SB,44.77604,-93.2212,1
3823,I-35E,SB,44.77604,-93.2212,2
3319,I-35E,SB,44.77617,-93.22146,0
3821,I-35E,SB,44.77622,-93.22138,0
3250,I-35E,SB,44.77918,-93.21669,0
3819,I-35E,SB,44.78016,-93.21462,1
3820,I-35E,SB,44.78016,-93.21462,2
3816,I-35E,SB,44.78529,-93.20732,1
3817,I-35E,SB,44.78529,-93.20732,2
3818,I-35E,SB,44.78529,-93.20732,3
3815,I-35E,SB,44.78688,-93.20542,0
3812,I-35E,SB,44.7916,-93.20068,1
3813,I-35E,SB,44.7916,-93.20068,2
3814,I-35E,SB,44.7916,-93.20068,3
3811,I-35E,SB,44.79378,-93.19897,0
3808,I-35E,SB,44.79752,-93.19616,1
3809,I-35E,SB,44.79752,-93.19616,2
3810,I-35E,SB,44.79752,-93.19616,3
3807,I-35E,SB,44.80053,-93.1939,0
3804,I-35E,SB,44.80391,-93.19124,1
3805,I-35E,SB,44.80391,-93.19124,2
3806,I-35E,SB,44.80391,-93.19124,3
3803,I-35E,SB,44.80826,-93.18787,0
3800,I-35E,SB,44.81028,-93.1858,1
3801,I-35E,SB,44.81028,-93.1858,2
3802,I-35E,SB,44.81028,-93.1858,3
3797,I-35E,SB,44.8125,-93.18082,1
3798,I-35E,SB,44.8125,-93.18082,2
3799,I-35E,SB,44.8125,-93.18082,3
3794,I-35E,SB,44.82299,-93.17291,1
3795,I-35E,SB,44.82299,-93.17291,2
3796,I-35E,SB,44.82299,-93.17291,3
3793,I-35E,SB,44.82706,-93.17089,0
3790,I-35E,SB,44.82925,-93.16855,1
3791,I-35E,SB,44.82925,-93.16855,2
3792,I-35E,SB,44.82925,-93.16855,3
3789,I-35E,SB,44.83306,-93.1645,0
3785,I-35E,SB,44.8349,-93.16318,1
3786,I-35E,SB,44.8349,-93.16318,2
3787,I-35E,SB,44.8349,-93.16318,3
3788,I-35E,SB,44.8349,-93.16318,4
3784,I-35E,SB,44.83722,-93.16142,0
3780,I-35E,SB,44.84156,-93.15819,1
3781,I-35E,SB,44.84156,-93.15819,2
3782,I-35E,SB,44.84156,-93.15819,3
3783,I-35E,SB,44.84156,-93.15819,4
3474,I-35E,SB,44.84358,-93.15668,0
3470,I-35E,SB,44.84866,-93.15289,1
3471,I-35E,SB,44.84866,-93.15289,2
3472,I-35E,SB,44.84866,-93.15289,3
3473,I-35E,SB,44.84866,-93.15289,4
3469,I-35E,SB,44.85186,-93.15048,0
3464,I-35E,SB,44.86078,-93.14577,1
3465,I-35E,SB,44.86078,-93.14577,2
3466,I-35E,SB,44.86078,-93.14577,3
3468,I-35E,SB,44.861,-93.14789,0
3463,I-35E,SB,44.86201,-93.14563,0
3467,I-35E,SB,44.86228,-93.14789,0
3462,I-35E,SB,44.86815,-93.14501,0
3459,I-35E,SB,44.8741,-93.14382,1
3460,I-35E,SB,44.8741,-93.14382,2
3461,I-35E,SB,44.8741,-93.14382,3
3458,I-35E,SB,44.87953,-93.14135,0
4537,I-35E,SB,44.87953,-93.14135,0
3456,I-35E,SB,44.88148,-93.14039,1
3457,I-35E,SB,44.88148,-93.14039,2
3455,I-35E,SB,44.88346,-93.13896,0
3454,I-35E,SB,44.88492,-93.13731,0
3452,I-35E,SB,44.8887,-93.13209,1
3453,I-35E,SB,44.8887,-93.13209,2
3450,I-35E,SB,44.89514,-93.13146,1
3451,I-35E,SB,44.89514,-93.13146,2
3449,I-35E,SB,44.89805,-93.13354,0
4536,I-35E,SB,44.89805,-93.13354,0
3447,I-35E,SB,44.90224,-93.1371,1
3448,I-35E,SB,44.90224,-93.1371,2
3477,I-35E,SB,44.90224,-93.1371,3
3446,I-35E,SB,44.90305,-93.13791,0
3445,I-35E,SB,44.90877,-93.14301,0
3479,I-35E,SB,44.90877,-93.14301,0
3538,I-35E,SB,44.90877,-93.14301,0
4535,I-35E,SB,44.90877,-93.14301,0
3443,I-35E,SB,44.90947,-93.1434,1
3444,I-35E,SB,44.90947,-93.1434,2
3478,I-35E,SB,44.90947,-93.1434,3
3418,I-35E,SB,44.91286,-93.14442,0
3442,I-35E,SB,44.91286,-93.14442,0
4534,I-35E,SB,44.91286,-93.14442,0
3440,I-35E,SB,44.91509,-93.14453,1
3441,I-35E,SB,44.91509,-93.14453,2
3439,I-35E,SB,44.91674,-93.14467,0
3417,I-35E,SB,44.92327,-93.14511,0
3438,I-35E,SB,44.92327,-93.14511,0
4533,I-35E,SB,44.92327,-93.14511,0
3435,I-35E,SB,44.92557,-93.1452,1
3436,I-35E,SB,44.92557,-93.1452,2
3437,I-35E,SB,44.92557,-93.1452,3
5005,I-35E,SB,44.92841,-93.14434,0
3433,I-35E,SB,44.92964,-93.14316,1
3434,I-35E,SB,44.92964,-93.14316,2
3432,I-35E,SB,44.93039,-93.14214,0
3430,I-35E,SB,44.93164,-93.1338,1
3431,I-35E,SB,44.93164,-93.1338,2
3429,I-35E,SB,44.93166,-93.13304,0
3427,I-35E,SB,44.93511,-93.12571,1
3428,I-35E,SB,44.93511,-93.12571,2
3426,I-35E,SB,44.93671,-93.12324,0
3416,I-35E,SB,44.9399,-93.11613,0
3425,I-35E,SB,44.9399,-93.11613,0
4532,I-35E,SB,44.9399,-93.11613,0
3423,I-35E,SB,44.94006,-93.11575,1
3424,I-35E,SB,44.94006,-93.11575,2
3415,I-35E,SB,44.94496,-93.10702,0
3422,I-35E,SB,44.94496,-93.10702,0
4531,I-35E,SB,44.94496,-93.10702,0
T3591,I-35E,SB,44.94526,-93.1066,1
T3592,I-35E,SB,44.94526,-93.1066,2
3420,I-35E,SB,44.94597,-93.10561,1
3421,I-35E,SB,44.94597,-93.10561,2
2482,I-35E,SB,44.94926,-93.10228,0
3535,I-35E,SB,44.94926,-93.10228,0
4530,I-35E,SB,44.94926,-93.10228,0
2480,I-35E,SB,44.94968,-93.10195,1
2481,I-35E,SB,44.94968,-93.10195,2
T3595,I-35E,SB,44.9502,-93.10146,1
T3596,I-35E,SB,44.9502,-93.10146,2
2476,I-35E,SB,44.95249,-93.08339,0
2478,I-35E,SB,44.95396,-93.09325,1
2479,I-35E,SB,44.95396,-93.09325,2
T3599,I-35E,SB,44.95414,-93.09293,1
T3600,I-35E,SB,44.95414,-93.09293,2
2483,I-35E,SB,44.9553,-93.09124,0
2484,I-35E,SB,44.95606,-93.0912,0
T3606,I-35E,SB,44.95882,-93.09084,1
T3607,I-35E,SB,44.95882,-93.09084,2
T3608,I-35E,SB,44.95882,-93.09084,3
T3609,I-35E,SB,44.95882,-93.09084,4
2469,I-35E,SB,44.95989,-93.0909,1
2470,I-35E,SB,44.95989,-93.0909,2
2471,I-35E,SB,44.95989,-93.0909,3
2472,I-35E,SB,44.95989,-93.0909,4
7140,I-35E,SB,44.95989,-93.0909,5
2473,I-35E,SB,44.96114,-93.09094,0
2468,I-35E,SB,44.96282,-93.091,0
7138,I-35E,SB,44.96658,-93.09074,0
7139,I-35E,SB,44.96658,-93.09074,0
7135,I-35E,SB,44.96935,-93.08948,0
2462,I-35E,SB,44.97183,-93.08886,1
2463,I-35E,SB,44.97183,-93.08886,2
2464,I-35E,SB,44.97183,-93.08886,3
7136,I-35E,SB,44.97183,-93.08886,4
7137,I-35E,SB,44.97183,-93.08886,5
9152,I-35E,SB,44.97421,-93.08878,1
2454,I-35E,SB,44.97439,-93.08881,0
2455,I-35E,SB,44.97439,-93.08881,0
2461,I-35E,SB,44.97439,-93.08881,0
4529,I-35E,SB,44.97439,-93.08881,0
2458,I-35E,SB,44.97535,-93.08882,1
2459,I-35E,SB,44.97535,-93.08882,2
2460,I-35E,SB,44.97535,-93.08882,3
7134,I-35E,SB,44.97535,-93.08882,4
2457,I-35E,SB,44.97969,-93.08894,0
2456,I-35E,SB,44.98666,-93.0892,0
2516,I-35E,SB,44.98666,-93.0892,0
4528,I-35E,SB,44.98666,-93.0892,0
2450,I-35E,SB,44.98757,-93.08923,1
2451,I-35E,SB,44.98757,-93.08923,2
2452,I-35E,SB,44.98757,-93.08923,3
7548,I-35E,SB,44.98757,-93.08923,4
2447,I-35E,SB,44.99259,-93.08944,1
2448,I-35E,SB,44.99259,-93.08944,2
2449,I-35E,SB,44.99259,-93.08944,3
7549,I-35E,SB,44.99259,-93.08944,4
2446,I-35E,SB,44.99409,-93.0895,0
2509,I-35E,SB,44.99409,-93.0895,0
2445,I-35E,SB,44.99626,-93.08957,0
2453,I-35E,SB,44.99626,-93.08957,0
2508,I-35E,SB,44.99626,-93.08957,0
4527,I-35E,SB,44.99626,-93.08957,0
2442,I-35E,SB,44.99809,-93.08962,1
2443,I-35E,SB,44.99809,-93.08962,2
2444,I-35E,SB,44.99809,-93.08962,3
7550,I-35E,SB,44.99809,-93.08962,4
2438,I-35E,SB,45.00205,-93.08971,0
2504,I-35E,SB,45.00205,-93.08971,0
2435,I-35E,SB,45.00498,-93.08975,1
2436,I-35E,SB,45.00498,-93.08975,2
2437,I-35E,SB,45.00498,-93.08975,3
7551,I-35E,SB,45.00498,-93.08975,4
2434,I-35E,SB,45.00805,-93.08979,0
2441,I-35E,SB,45.00805,-93.08979,0
4526,I-35E,SB,45.00805,-93.08979,0
2433,I-35E,SB,45.01144,-93.08985,0
2439,I-35E,SB,45.01144,-93.08985,0
2440,I-35E,SB,45.01144,-93.08985,0
4525,I-35E,SB,45.01144,-93.08985,0
2430,I-35E,SB,45.01198,-93.08986,1
2431,I-35E,SB,45.01198,-93.08986,2
2432,I-35E,SB,45.01198,-93.08986,3
7552,I-35E,SB,45.01198,-93.08986,4
2424,I-35E,SB,45.0199,-93.08991,0
2429,I-35E,SB,45.0199,-93.08991,0
4524,I-35E,SB,45.0199,-93.08991,0
2426,I-35E,SB,45.02319,-93.08987,1
2427,I-35E,SB,45.02319,-93.08987,2
2428,I-35E,SB,45.02319,-93.08987,3
5501,I-35E,SB,45.02319,-93.08987,4
2425,I-35E,SB,45.02595,-93.08983,0
6578,I-35E,SB,45.02897,-93.08988,1
6579,I-35E,SB,45.02897,-93.08988,2
6580,I-35E,SB,45.02897,-93.08988,3
5496,I-35E,SB,45.03081,-93.09003,1
5497,I-35E,SB,45.03081,-93.09003,2
5498,I-35E,SB,45.03386,-93.08866,1
5499,I-35E,SB,45.03386,-93.08866,2
5500,I-35E,SB,45.03386,-93.08866,3
5492,I-35E,SB,45.03824,-93.06382,1
5493,I-35E,SB,45.03824,-93.06382,2
5494,I-35E,SB,45.03824,-93.06382,3
7828,I-35E,SB,45.03824,-93.06382,1
7829,I-35E,SB,45.03824,-93.06382,2
7830,I-35E,SB,45.03824,-93.06382,3
5495,I-35E,SB,45.04066,-93.06192,0
4966,I-35E,SB,45.04792,-93.06006,0
5486,I-35E,SB,45.04792,-93.06006,0
5487,I-35E,SB,45.04792,-93.06006,0
5488,I-35E,SB,45.04792,-93.06006,0
5489,I-35E,SB,45.04967,-93.05933,1
5490,I-35E,SB,45.04967,-93.05933,2
5491,I-35E,SB,45.04967,-93.05933,3
6444,I-35E,SB,45.05212,-93.05847,0
6442,I-35E,SB,45.05731,-93.05746,1
6443,I-35E,SB,45.05731,-93.05746,2
7707,I-35E,SB,45.05731,-93.05746,3
6440,I-35E,SB,45.06469,-93.05569,1
6441,I-35E,SB,45.06469,-93.05569,2
7706,I-35E,SB,45.06469,-93.05569,3
6438,I-35E,SB,45.07421,-93.0528,1
6439,I-35E,SB,45.07421,-93.0528,2
7705,I-35E,SB,45.07421,-93.0528,3
4965,I-35E,SB,45.078,-93.05287,0
6356,I-35E,SB,45.078,-93.05287,0
6437,I-35E,SB,45.078,-93.05287,0
6435,I-35E,SB,45.07921,-93.05293,1
6436,I-35E,SB,45.07921,-93.05293,2
6434,I-35E,SB,45.081,-93.05305,0
6432,I-35E,SB,45.08938,-93.05266,1
6433,I-35E,SB,45.08938,-93.05266,2
6430,I-35E,SB,45.09414,-93.05218,1
6431,I-35E,SB,45.09414,-93.05218,2
6428,I-35E,SB,45.10438,-93.05026,1
6429,I-35E,SB,45.10438,-93.05026,2
6426,I-35E,SB,45.10875,-93.0495,1
6427,I-35E,SB,45.10875,-93.0495,2
6424,I-35E,SB,45.11696,-93.04974,1
6425,I-35E,SB,45.11696,-93.04974,2
4974,I-35E,SB,45.12133,-93.04985,0
6423,I-35E,SB,45.12133,-93.04985,0
9643,I-35E,SB,45.12133,-93.04985,0
7826,I-35E,SB,45.12353,-93.04983,1
7827,I-35E,SB,45.12353,-93.04983,2
6421,I-35E,SB,45.125,-93.04964,1
6422,I-35E,SB,45.125,-93.04964,2
9642,I-35E,SB,45.12552,-93.04939,0
6419,I-35E,SB,45.13221,-93.04415,1
6420,I-35E,SB,45.13221,-93.04415,2
131,I-35W,NB,44.76002,-93.28889,1
132,I-35W,NB,44.76002,-93.28889,2
7042,I-35W,NB,44.76002,-93.28889,3
152,I-35W,NB,44.76554,-93.28865,0
258,I-35W,NB,44.76892,-93.28846,1
259,I-35W,NB,44.76892,-93.28846,2
461,I-35W,NB,44.76892,-93.28846,3
111,I-35W,NB,44.76935,-93.28845,0
3500,I-35W,NB,44.76935,-93.28845,0
4745,I-35W,NB,44.76935,-93.28845,0
4990,I-35W,NB,44.76935,-93.28845,0
153,I-35W,NB,44.77192,-93.28833,0
6782,I-35W,NB,44.77228,-93.28831,2
6783,I-35W,NB,44.77228,-93.28831,3
6784,I-35W,NB,44.77228,-93.28831,4
9586,I-35W,NB,44.77228,-93.28831,1
112,I-35W,NB,44.77478,-93.28821,0
3498,I-35W,NB,44.77478,-93.28821,0
4746,I-35W,NB,44.77478,-93.28821,0
154,I-35W,NB,44.77588,-93.28825,0
260,I-35W,NB,44.77727,-93.28827,1
261,I-35W,NB,44.77727,-93.28827,2
480,I-35W,NB,44.77727,-93.28827,3
113,I-35W,NB,44.77838,-93.2883,0
3501,I-35W,NB,44.77838,-93.2883,0
4747,I-35W,NB,44.77838,-93.2883,0
5,I-35W,NB,44.77838,-93.2883,0
155,I-35W,NB,44.78284,-93.28842,0
T9581,I-35W,NB,44.78404,-93.28845,1
T9582,I-35W,NB,44.78404,-93.28845,2
T9583,I-35W,NB,44.78404,-93.28845,3
264,I-35W,NB,44.78417,-93.28847,1
265,I-35W,NB,44.78417,-93.28847,2
500,I-35W,NB,44.78417,-93.28847,3
9588,I-35W,NB,44.78417,-93.28847,1
114,I-35W,NB,44.78662,-93.28857,0
2,I-35W,NB,44.78662,-93.28857,0
3499,I-35W,NB,44.78662,-93.28857,0
4748,I-35W,NB,44.78662,-93.28857,0
9589,I-35W,NB,44.78662,-93.28857,0
6905,I-35W,NB,44.78963,-93.28869,1
6906,I-35W,NB,44.78963,-93.28869,2
6907,I-35W,NB,44.78963,-93.28869,3
6785,I-35W,NB,44.79049,-93.28872,1
6786,I-35W,NB,44.79049,-93.28872,2
6787,I-35W,NB,44.79049,-93.28872,3
8800,I-35W,NB,44.79049,-93.28872,4
492,I-35W,NB,44.79399,-93.28886,0
493,I-35W,NB,44.79725,-93.28919,0
494,I-35W,NB,44.79818,-93.2894,2
495,I-35W,NB,44.79818,-93.2894,3
496,I-35W,NB,44.79818,-93.2894,4
8802,I-35W,NB,44.79818,-93.2894,1
8803,I-35W,NB,44.79818,-93.2894,5
T3575,I-35W,NB,44.80607,-93.29074,1
T3576,I-35W,NB,44.80607,-93.29074,2
T3577,I-35W,NB,44.80607,-93.29074,3
1038,I-35W,NB,44.80749,-93.29098,1
266,I-35W,NB,44.80749,-93.29098,1
267,I-35W,NB,44.80749,-93.29098,2
525,I-35W,NB,44.80749,-93.29098,3
8804,I-35W,NB,44.80749,-93.29098,4
268,I-35W,NB,44.80981,-93.29113,1
269,I-35W,NB,44.80981,-93.29113,2
270,I-35W,NB,44.80981,-93.29113,3
533,I-35W,NB,44.80981,-93.29113,4
156,I-35W,NB,44.81019,-93.29114,0
115,I-35W,NB,44.81498,-93.29123,0
3490,I-35W,NB,44.81498,-93.29123,0
4749,I-35W,NB,44.81498,-93.29123,0
6911,I-35W,NB,44.8166,-93.29116,2
6912,I-35W,NB,44.8166,-93.29116,3
6913,I-35W,NB,44.8166,-93.29116,4
9313,I-35W,NB,44.8166,-93.29116,1
271,I-35W,NB,44.81889,-93.29118,2
272,I-35W,NB,44.81889,-93.29118,3
541,I-35W,NB,44.81889,-93.29118,4
273,I-35W,NB,44.82298,-93.29128,2
274,I-35W,NB,44.82298,-93.29128,3
545,I-35W,NB,44.82298,-93.29128,4
9314,I-35W,NB,44.82298,-93.29128,1
157,I-35W,NB,44.82374,-93.29129,0
116,I-35W,NB,44.82865,-93.29201,0
3,I-35W,NB,44.82865,-93.29201,0
3491,I-35W,NB,44.82865,-93.29201,0
4750,I-35W,NB,44.82865,-93.29201,0
6788,I-35W,NB,44.83011,-93.29273,1
6789,I-35W,NB,44.83011,-93.29273,2
6790,I-35W,NB,44.83011,-93.29273,3
158,I-35W,NB,44.83124,-93.29334,0
275,I-35W,NB,44.83389,-93.29506,1
276,I-35W,NB,44.83389,-93.29506,2
577,I-35W,NB,44.83389,-93.29506,3
6797,I-35W,NB,44.83389,-93.29506,1
117,I-35W,NB,44.83507,-93.29583,0
3492,I-35W,NB,44.83507,-93.29583,0
4751,I-35W,NB,44.83507,-93.29583,0
159,I-35W,NB,44.83806,-93.29758,0
118,I-35W,NB,44.84256,-93.2981,0
3493,I-35W,NB,44.84256,-93.2981,0
4752,I-35W,NB,44.84256,-93.2981,0
277,I-35W,NB,44.84345,-93.29819,2
278,I-35W,NB,44.84345,-93.29819,3
579,I-35W,NB,44.84345,-93.29819,4
6816,I-35W,NB,44.84345,-93.29819,1
6917,I-35W,NB,44.8459,-93.29818,1
6918,I-35W,NB,44.8459,-93.29818,2
6919,I-35W,NB,44.8459,-93.29818,3
6920,I-35W,NB,44.8459,-93.29818,4
279,I-35W,NB,44.84727,-93.29814,2
280,I-35W,NB,44.84727,-93.29814,3
591,I-35W,NB,44.84727,-93.29814,4
6817,I-35W,NB,44.84727,-93.29814,1
160,I-35W,NB,44.85313,-93.29806,0
281,I-35W,NB,44.85709,-93.29809,2
282,I-35W,NB,44.85709,-93.29809,3
6818,I-35W,NB,44.85709,-93.29809,1
729,I-35W,NB,44.85709,-93.29809,4
119,I-35W,NB,44.85735,-93.29809,0
1254,I-35W,NB,44.85735,-93.29809,0
3494,I-35W,NB,44.85735,-93.29809,0
4753,I-35W,NB,44.85735,-93.29809,0
9566,I-35W,NB,44.85735,-93.29809,0
283,I-35W,NB,44.86069,-93.29827,1
284,I-35W,NB,44.86069,-93.29827,2
350,I-35W,NB,44.86069,-93.29827,3
120,I-35W,NB,44.86117,-93.29804,0
3495,I-35W,NB,44.86117,-93.29804,0
4754,I-35W,NB,44.86117,-93.29804,0
1176,I-35W,NB,44.86414,-93.2986,1
1177,I-35W,NB,44.86414,-93.2986,2
3930,I-35W,NB,44.86414,-93.2986,3
9550,I-35W,NB,44.86414,-93.2986,4
121,I-35W,NB,44.86422,-93.2986,0
3508,I-35W,NB,44.86422,-93.2986,0
4755,I-35W,NB,44.86422,-93.2986,0
5312,I-35W,NB,44.86422,-93.2986,0
T9565,I-35W,NB,44.86472,-93.29868,1
T9566,I-35W,NB,44.86472,-93.29868,1
T9567,I-35W,NB,44.86472,-93.29868,2
T9568,I-35W,NB,44.86472,-93.29868,3
285,I-35W,NB,44.86681,-93.29888,1
286,I-35W,NB,44.86681,-93.29888,2
3931,I-35W,NB,44.86681,-93.29888,1
3932,I-35W,NB,44.86681,-93.29888,2
3933,I-35W,NB,44.86681,-93.29888,3
122,I-35W,NB,44.86709,-93.2989,0
3496,I-35W,NB,44.86709,-93.2989,0
4,I-35W,NB,44.86709,-93.2989,0
4756,I-35W,NB,44.86709,-93.2989,0
287,I-35W,NB,44.87102,-93.2987,1
288,I-35W,NB,44.87102,-93.2987,2
3934,I-35W,NB,44.87102,-93.2987,3
6924,I-35W,NB,44.87478,-93.29838,1
6925,I-35W,NB,44.87478,-93.29838,2
6926,I-35W,NB,44.87478,-93.29838,3
289,I-35W,NB,44.87642,-93.29794,1
290,I-35W,NB,44.87642,-93.29794,2
3935,I-35W,NB,44.87642,-93.29794,3
163,I-35W,NB,44.88135,-93.29591,0
291,I-35W,NB,44.88241,-93.29573,1
292,I-35W,NB,44.88241,-93.29573,2
3938,I-35W,NB,44.88241,-93.29573,3
5902,I-35W,NB,44.88411,-93.29588,0
293,I-35W,NB,44.88792,-93.29581,1
294,I-35W,NB,44.88792,-93.29581,2
3939,I-35W,NB,44.88792,-93.29581,3
5904,I-35W,NB,44.88792,-93.29581,3
123,I-35W,NB,44.88863,-93.29544,0
3510,I-35W,NB,44.88863,-93.29544,0
4757,I-35W,NB,44.88863,-93.29544,0
6,I-35W,NB,44.88863,-93.29544,0
295,I-35W,NB,44.89026,-93.28816,1
296,I-35W,NB,44.89026,-93.28816,2
297,I-35W,NB,44.89026,-93.28816,3
4976,I-35W,NB,44.89026,-93.28683,0
298,I-35W,NB,44.89041,-93.27683,1
299,I-35W,NB,44.89041,-93.27683,2
5922,I-35W,NB,44.89041,-93.27683,3
5923,I-35W,NB,44.89041,-93.27683,4
300,I-35W,NB,44.89477,-93.2748,1
301,I-35W,NB,44.89477,-93.2748,2
302,I-35W,NB,44.89477,-93.2748,3
5933,I-35W,NB,44.89477,-93.2748,4
5934,I-35W,NB,44.89477,-93.2748,5
5935,I-35W,NB,44.89477,-93.2748,6
6930,I-35W,NB,44.89548,-93.2748,1
6931,I-35W,NB,44.89548,-93.2748,2
6932,I-35W,NB,44.89548,-93.2748,3
6933,I-35W,NB,44.89548,-93.2748,4
6934,I-35W,NB,44.89548,-93.2748,5
6935,I-35W,NB,44.89548,-93.2748,6
127,I-35W,NB,44.89637,-93.27477,0
3511,I-35W,NB,44.89637,-93.27477,0
4759,I-35W,NB,44.89637,-93.27477,0
168,I-35W,NB,44.89865,-93.27481,0
303,I-35W,NB,44.90194,-93.2748,1
304,I-35W,NB,44.90194,-93.2748,2
305,I-35W,NB,44.90194,-93.2748,3
5941,I-35W,NB,44.90194,-93.2748,4
5942,I-35W,NB,44.90194,-93.2748,5
128,I-35W,NB,44.90637,-93.27477,0
145,I-35W,NB,44.90637,-93.27477,0
146,I-35W,NB,44.90637,-93.27477,0
3518,I-35W,NB,44.90637,-93.27477,0
4760,I-35W,NB,44.90637,-93.27477,0
5943,I-35W,NB,44.90693,-93.27476,1
5944,I-35W,NB,44.90693,-93.27476,1
5945,I-35W,NB,44.90693,-93.27476,2
5946,I-35W,NB,44.90693,-93.27476,2
5947,I-35W,NB,44.90693,-93.27476,3
5948,I-35W,NB,44.90693,-93.27476,3
5949,I-35W,NB,44.90693,-93.27476,4
5950,I-35W,NB,44.90693,-93.27476,4
5951,I-35W,NB,44.90693,-93.27476,5
5952,I-35W,NB,44.90693,-93.27476,5
306,I-35W,NB,44.90715,-93.27476,1
307,I-35W,NB,44.90715,-93.27476,2
308,I-35W,NB,44.90715,-93.27476,3
309,I-35W,NB,44.91327,-93.27467,1
310,I-35W,NB,44.91327,-93.27467,2
311,I-35W,NB,44.91327,-93.27467,3
6941,I-35W,NB,44.916,-93.27463,1
6942,I-35W,NB,44.916,-93.27463,2
6943,I-35W,NB,44.916,-93.27463,3
6944,I-35W,NB,44.916,-93.27463,4
6945,I-35W,NB,44.916,-93.27463,5
169,I-35W,NB,44.91648,-93.27466,0
5977,I-35W,NB,44.9173,-93.27465,0
5963,I-35W,NB,44.91887,-93.27461,1
5964,I-35W,NB,44.91887,-93.27461,2
5965,I-35W,NB,44.91887,-93.27461,3
5966,I-35W,NB,44.91887,-93.27461,4
5967,I-35W,NB,44.91887,-93.27461,5
312,I-35W,NB,44.9199,-93.2746,1
313,I-35W,NB,44.9199,-93.2746,2
314,I-35W,NB,44.9199,-93.2746,3
5968,I-35W,NB,44.9199,-93.2746,4
5969,I-35W,NB,44.9199,-93.2746,5
T3501,I-35W,NB,44.9199,-93.2746,1
5897,I-35W,NB,44.92095,-93.27459,0
129,I-35W,NB,44.92367,-93.27458,0
142,I-35W,NB,44.92367,-93.27458,0
4386,I-35W,NB,44.92367,-93.27458,0
4761,I-35W,NB,44.92367,-93.27458,0
315,I-35W,NB,44.92716,-93.27462,1
316,I-35W,NB,44.92716,-93.27462,2
317,I-35W,NB,44.92716,-93.27462,3
318,I-35W,NB,44.92716,-93.27462,4
6791,I-35W,NB,44.92716,-93.27462,5
170,I-35W,NB,44.93423,-93.27456,0
319,I-35W,NB,44.93495,-93.2746,1
320,I-35W,NB,44.93495,-93.2746,2
321,I-35W,NB,44.93495,-93.2746,3
322,I-35W,NB,44.93495,-93.2746,4
6792,I-35W,NB,44.93495,-93.2746,5
6950,I-35W,NB,44.9356,-93.2746,1
6951,I-35W,NB,44.9356,-93.2746,2
6952,I-35W,NB,44.9356,-93.2746,3
6953,I-35W,NB,44.9356,-93.2746,4
6954,I-35W,NB,44.9356,-93.2746,5
323,I-35W,NB,44.93979,-93.27461,1
324,I-35W,NB,44.93979,-93.27461,2
325,I-35W,NB,44.93979,-93.27461,3
326,I-35W,NB,44.93979,-93.27461,4
6793,I-35W,NB,44.93979,-93.27461,5
130,I-35W,NB,44.94202,-93.27472,0
141,I-35W,NB,44.94202,-93.27472,0
4387,I-35W,NB,44.94202,-93.27472,0
4762,I-35W,NB,44.94202,-93.27472,0
6798,I-35W,NB,44.94202,-93.27472,0
7860,I-35W,NB,44.94322,-93.2747,1
7861,I-35W,NB,44.94322,-93.2747,2
7862,I-35W,NB,44.94322,-93.2747,3
7863,I-35W,NB,44.94322,-93.2747,4
7864,I-35W,NB,44.94322,-93.2747,5
7865,I-35W,NB,44.94322,-93.2747,6
171,I-35W,NB,44.94447,-93.27466,0
327,I-35W,NB,44.9464,-93.27461,1
328,I-35W,NB,44.9464,-93.27461,2
329,I-35W,NB,44.9464,-93.27461,3
330,I-35W,NB,44.9464,-93.27461,4
6794,I-35W,NB,44.9464,-93.27461,5
7866,I-35W,NB,44.94992,-93.27457,0
7867,I-35W,NB,44.95108,-93.27385,0
331,I-35W,NB,44.95176,-93.27332,1
332,I-35W,NB,44.95176,-93.27332,2
333,I-35W,NB,44.95176,-93.27332,3
334,I-35W,NB,44.95176,-93.27332,4
6795,I-35W,NB,44.95176,-93.27332,5
6959,I-35W,NB,44.95275,-93.27246,1
6960,I-35W,NB,44.95275,-93.27246,2
6961,I-35W,NB,44.95275,-93.27246,3
6962,I-35W,NB,44.95275,-93.27246,4
6963,I-35W,NB,44.95275,-93.27246,5
335,I-35W,NB,44.95539,-93.27022,1
336,I-35W,NB,44.95539,-93.27022,2
337,I-35W,NB,44.95539,-93.27022,3
338,I-35W,NB,44.95539,-93.27022,4
6796,I-35W,NB,44.95539,-93.27022,5
339,I-35W,NB,44.95974,-93.26934,1
340,I-35W,NB,44.95974,-93.26934,2
341,I-35W,NB,44.95974,-93.26934,3
342,I-35W,NB,44.95974,-93.26934,4
343,I-35W,NB,44.95974,-93.26934,5
2130,I-35W,NB,44.96567,-93.26681,0
4388,I-35W,NB,44.96567,-93.26681,0
4763,I-35W,NB,44.96567,-93.26681,0
2131,I-35W,NB,44.96568,-93.26474,1
2132,I-35W,NB,44.96568,-93.26474,2
8794,I-35W,NB,44.96568,-93.26474,0
8795,I-35W,NB,44.96568,-93.26474,0
2191,I-35W,NB,44.96568,-93.26272,0
8796,I-35W,NB,44.96568,-93.26272,0
2133,I-35W,NB,44.96675,-93.25455,1
2134,I-35W,NB,44.96675,-93.25455,2
2135,I-35W,NB,44.96743,-93.25369,1
2136,I-35W,NB,44.96743,-93.25369,2
1311,I-35W,NB,44.9677,-93.25272,0
1312,I-35W,NB,44.96879,-93.25301,1
1313,I-35W,NB,44.96879,-93.25301,2
2139,I-35W,NB,44.97201,-93.2506,0
7562,I-35W,NB,44.97314,-93.25019,0
2137,I-35W,NB,44.97336,-93.24947,1
2138,I-35W,NB,44.97336,-93.24947,2
2140,I-35W,NB,44.97447,-93.2487,1
2141,I-35W,NB,44.97447,-93.2487,2
2142,I-35W,NB,44.97447,-93.2487,3
2143,I-35W,NB,44.97447,-93.2487,4
2144,I-35W,NB,44.97503,-93.24798,0
4764,I-35W,NB,44.97503,-93.24798,0
6698,I-35W,NB,44.97503,-93.24798,0
6699,I-35W,NB,44.97674,-93.24588,1
6700,I-35W,NB,44.97674,-93.24588,1
6701,I-35W,NB,44.97674,-93.24588,2
6702,I-35W,NB,44.97674,-93.24588,2
6703,I-35W,NB,44.97674,-93.24588,3
6704,I-35W,NB,44.97674,-93.24588,3
6705,I-35W,NB,44.97674,-93.24588,4
6706,I-35W,NB,44.97674,-93.24588,4
6707,I-35W,NB,44.97674,-93.24588,5
6708,I-35W,NB,44.97674,-93.24588,5
2145,I-35W,NB,44.98107,-93.244,1
2146,I-35W,NB,44.98107,-93.244,2
2147,I-35W,NB,44.98107,-93.244,3
2148,I-35W,NB,44.98107,-93.244,4
2149,I-35W,NB,44.98399,-93.24197,1
2150,I-35W,NB,44.98399,-93.24197,2
2151,I-35W,NB,44.98399,-93.24197,3
7563,I-35W,NB,44.98399,-93.24197,4
2152,I-35W,NB,44.98486,-93.24121,0
4368,I-35W,NB,44.98486,-93.24121,1
4389,I-35W,NB,44.98486,-93.24121,2
4765,I-35W,NB,44.98486,-93.24121,0
6573,I-35W,NB,44.98486,-93.24121,1
2189,I-35W,NB,44.98747,-93.23752,0
2153,I-35W,NB,44.99116,-93.23629,1
2154,I-35W,NB,44.99116,-93.23629,2
2155,I-35W,NB,44.99116,-93.23629,3
7564,I-35W,NB,44.99116,-93.23629,4
2157,I-35W,NB,44.99628,-93.2382,0
2158,I-35W,NB,44.99644,-93.23823,1
2159,I-35W,NB,44.99644,-93.23823,2
2160,I-35W,NB,44.99644,-93.23823,3
2167,I-35W,NB,45.0007,-93.22349,1
2168,I-35W,NB,45.0007,-93.22349,2
2169,I-35W,NB,45.0007,-93.22349,3
2170,I-35W,NB,45.0007,-93.22349,4
2171,I-35W,NB,45.00072,-93.22237,0
4390,I-35W,NB,45.00072,-93.22237,0
4766,I-35W,NB,45.00072,-93.22237,0
2163,I-35W,NB,45.00164,-93.23457,2
2161,I-35W,NB,45.00185,-93.2339,2
2162,I-35W,NB,45.00185,-93.2339,3
2164,I-35W,NB,45.00199,-93.23465,1
2165,I-35W,NB,45.00199,-93.23465,2
2166,I-35W,NB,45.00199,-93.23465,3
2172,I-35W,NB,45.00247,-93.21551,0
2173,I-35W,NB,45.00515,-93.20947,1
2174,I-35W,NB,45.00515,-93.20947,2
2175,I-35W,NB,45.00515,-93.20947,3
2176,I-35W,NB,45.00515,-93.20947,4
2177,I-35W,NB,45.00578,-93.20806,0
4391,I-35W,NB,45.00578,-93.20806,0
4767,I-35W,NB,45.00578,-93.20806,0
2181,I-35W,NB,45.00992,-93.20027,1
2182,I-35W,NB,45.00992,-93.20027,2
2180,I-35W,NB,45.00995,-93.20012,2
6519,I-35W,NB,45.00995,-93.20012,1
2184,I-35W,NB,45.01167,-93.18792,1
2185,I-35W,NB,45.01167,-93.18792,2
2186,I-35W,NB,45.01167,-93.18792,3
2187,I-35W,NB,45.01545,-93.18737,0
2188,I-35W,NB,45.01545,-93.18737,0
4768,I-35W,NB,45.01545,-93.18737,0
5327,I-35W,NB,45.01545,-93.18737,0
2366,I-35W,NB,45.01546,-93.18737,1
4396,I-35W,NB,45.01546,-93.18737,2
4944,I-35W,NB,45.01546,-93.18737,0
5326,I-35W,NB,45.01546,-93.18737,0
2701,I-35W,NB,45.01584,-93.18749,1
2702,I-35W,NB,45.01584,-93.18749,2
2703,I-35W,NB,45.01584,-93.18749,3
2704,I-35W,NB,45.01584,-93.18749,4
2705,I-35W,NB,45.02112,-93.18935,0
2706,I-35W,NB,45.02159,-93.18955,1
2707,I-35W,NB,45.02159,-93.18955,2
2708,I-35W,NB,45.02159,-93.18955,3
8100,I-35W,NB,45.02159,-93.18955,4
2709,I-35W,NB,45.02431,-93.19037,0
4392,I-35W,NB,45.02431,-93.19037,0
4769,I-35W,NB,45.02431,-93.19037,0
2710,I-35W,NB,45.02788,-93.19084,1
2711,I-35W,NB,45.02788,-93.19084,2
2712,I-35W,NB,45.02788,-93.19084,3
8101,I-35W,NB,45.02788,-93.19084,4
2713,I-35W,NB,45.03356,-93.1908,0
2714,I-35W,NB,45.03649,-93.19028,1
2715,I-35W,NB,45.03649,-93.19028,2
2716,I-35W,NB,45.03649,-93.19028,3
8102,I-35W,NB,45.03649,-93.19028,4
2717,I-35W,NB,45.03869,-93.18986,0
4393,I-35W,NB,45.03869,-93.18986,0
4770,I-35W,NB,45.03869,-93.18986,0
2718,I-35W,NB,45.0417,-93.18926,1
2719,I-35W,NB,45.0417,-93.18926,2
2720,I-35W,NB,45.0417,-93.18926,3
8103,I-35W,NB,45.0417,-93.18926,4
2721,I-35W,NB,45.04421,-93.18906,0
2730,I-35W,NB,45.04421,-93.18906,1
2731,I-35W,NB,45.04421,-93.18906,2
4771,I-35W,NB,45.04421,-93.18906,0
5313,I-35W,NB,45.04421,-93.18906,1
2722,I-35W,NB,45.04853,-93.18874,1
2723,I-35W,NB,45.04853,-93.18874,2
2724,I-35W,NB,45.04853,-93.18874,3
8104,I-35W,NB,45.04853,-93.18874,4
2725,I-35W,NB,45.05494,-93.18776,0
2726,I-35W,NB,45.05822,-93.18713,1
2727,I-35W,NB,45.05822,-93.18713,2
2728,I-35W,NB,45.05822,-93.18713,3
8105,I-35W,NB,45.05822,-93.18713,4
2729,I-35W,NB,45.06038,-93.18675,0
4394,I-35W,NB,45.06038,-93.18675,0
4772,I-35W,NB,45.06038,-93.18675,0
4395,I-35W,NB,45.0666,-93.18589,0
4773,I-35W,NB,45.0666,-93.18589,0
975,I-35W,NB,45.0666,-93.18589,0
8106,I-35W,NB,45.06776,-93.18578,6
897,I-35W,NB,45.06776,-93.18578,3
898,I-35W,NB,45.06776,-93.18578,4
899,I-35W,NB,45.06776,-93.18578,5
9581,I-35W,NB,45.06776,-93.18578,1
9582,I-35W,NB,45.06776,-93.18578,2
4774,I-35W,NB,45.0699,-93.18552,0
800,I-35W,NB,45.0699,-93.18552,0
2732,I-35W,NB,45.07241,-93.18525,1
2733,I-35W,NB,45.07241,-93.18525,2
2734,I-35W,NB,45.07241,-93.18525,3
7664,I-35W,NB,45.07253,-93.18523,2
7665,I-35W,NB,45.07253,-93.18523,3
7666,I-35W,NB,45.07253,-93.18523,4
8107,I-35W,NB,45.07253,-93.18523,5
2735,I-35W,NB,45.07592,-93.18513,0
7667,I-35W,NB,45.07883,-93.18536,1
7668,I-35W,NB,45.07883,-93.18536,2
7669,I-35W,NB,45.07883,-93.18536,3
8108,I-35W,NB,45.07883,-93.18536,4
2736,I-35W,NB,45.08168,-93.18563,1
2737,I-35W,NB,45.08168,-93.18563,2
2738,I-35W,NB,45.08168,-93.18563,3
2739,I-35W,NB,45.08235,-93.18571,0
4775,I-35W,NB,45.08235,-93.18571,0
8158,I-35W,NB,45.08235,-93.18571,0
8159,I-35W,NB,45.08235,-93.18571,0
2741,I-35W,NB,45.08715,-93.18727,1
2742,I-35W,NB,45.08715,-93.18727,2
2743,I-35W,NB,45.08715,-93.18727,3
8109,I-35W,NB,45.08715,-93.18727,4
10000,I-35W,NB,45.08776,-93.18746,0
2740,I-35W,NB,45.08776,-93.18746,0
7859,I-35W,NB,45.09275,-93.188,0
2744,I-35W,NB,45.09522,-93.18802,0
4776,I-35W,NB,45.09522,-93.18802,0
7812,I-35W,NB,45.09522,-93.18802,0
8118,I-35W,NB,45.09522,-93.18802,0
10003,I-35W,NB,45.09749,-93.18802,0
2748,I-35W,NB,45.09749,-93.18802,0
4777,I-35W,NB,45.09749,-93.18802,0
8155,I-35W,NB,45.09749,-93.18802,0
2745,I-35W,NB,45.0996,-93.18806,3
2746,I-35W,NB,45.0996,-93.18806,4
2747,I-35W,NB,45.0996,-93.18806,5
2773,I-35W,NB,45.0996,-93.18806,6
8112,I-35W,NB,45.0996,-93.18806,1
8113,I-35W,NB,45.0996,-93.18806,2
2749,I-35W,NB,45.1041,-93.18812,0
2750,I-35W,NB,45.10704,-93.18818,3
2751,I-35W,NB,45.10704,-93.18818,4
2752,I-35W,NB,45.10704,-93.18818,5
2771,I-35W,NB,45.10704,-93.18818,6
8114,I-35W,NB,45.10704,-93.18818,1
8115,I-35W,NB,45.10704,-93.18818,2
2754,I-35W,NB,45.11359,-93.18825,1
2755,I-35W,NB,45.11359,-93.18825,2
2772,I-35W,NB,45.11359,-93.18825,3
2758,I-35W,NB,45.11398,-93.18826,0
7670,I-35W,NB,45.11649,-93.18826,2
7671,I-35W,NB,45.11649,-93.18826,3
7672,I-35W,NB,45.11649,-93.18826,4
8119,I-35W,NB,45.11649,-93.18826,1
8120,I-35W,NB,45.11649,-93.18826,5
2759,I-35W,NB,45.12179,-93.18831,0
2762,I-35W,NB,45.12534,-93.18834,0
2760,I-35W,NB,45.12564,-93.18835,1
2761,I-35W,NB,45.12564,-93.18835,2
7673,I-35W,NB,45.12757,-93.18837,1
7674,I-35W,NB,45.12757,-93.18837,2
8121,I-35W,NB,45.12757,-93.18837,3
7675,I-35W,NB,45.13157,-93.18835,1
7676,I-35W,NB,45.13157,-93.18835,2
8122,I-35W,NB,45.13157,-93.18835,3
2764,I-35W,NB,45.14101,-93.18648,1
2765,I-35W,NB,45.14101,-93.18648,2
7677,I-35W,NB,45.14112,-93.1864,1
7678,I-35W,NB,45.14112,-93.1864,2
8123,I-35W,NB,45.14112,-93.1864,3
2763,I-35W,NB,45.14302,-93.18489,0
2766,I-35W,NB,45.14555,-93.18215,0
7679,I-35W,NB,45.14893,-93.17747,1
7680,I-35W,NB,45.14893,-93.17747,2
8124,I-35W,NB,45.14893,-93.17747,3
7681,I-35W,NB,45.15468,-93.1696,1
7682,I-35W,NB,45.15468,-93.1696,2
8125,I-35W,NB,45.15468,-93.1696,3
2767,I-35W,NB,45.15703,-93.16635,0
2768,I-35W,NB,45.15847,-93.16442,1
2769,I-35W,NB,45.15847,-93.16442,2
2770,I-35W,NB,45.16094,-93.16105,0
8126,I-35W,NB,45.16617,-93.15056,1
8127,I-35W,NB,45.16617,-93.15056,2
6451,I-35W,NB,45.16808,-93.14273,1
6452,I-35W,NB,45.16808,-93.14273,2
6453,I-35W,NB,45.17255,-93.12488,1
6454,I-35W,NB,45.17255,-93.12488,2
133,I-35W,SB,44.75999,-93.28915,1
134,I-35W,SB,44.75999,-93.28915,2
161,I-35W,SB,44.75999,-93.28915,3
1032,I-35W,SB,44.76561,-93.28892,0
1014,I-35W,SB,44.76896,-93.28875,1
1015,I-35W,SB,44.76896,-93.28875,2
1016,I-35W,SB,44.76896,-93.28875,3
1017,I-35W,SB,44.76926,-93.28874,0
6810,I-35W,SB,44.77197,-93.2886,2
6811,I-35W,SB,44.77197,-93.2886,3
6812,I-35W,SB,44.77197,-93.2886,4
7045,I-35W,SB,44.77197,-93.2886,1
12,I-35W,SB,44.77253,-93.28858,0
11,I-35W,SB,44.77459,-93.28851,0
263,I-35W,SB,44.77566,-93.28852,0
10,I-35W,SB,44.77723,-93.28852,3
8,I-35W,SB,44.77723,-93.28852,1
9,I-35W,SB,44.77723,-93.28852,2
9587,I-35W,SB,44.77723,-93.28852,4
262,I-35W,SB,44.77882,-93.28856,0
1010,I-35W,SB,44.78337,-93.28866,0
1011,I-35W,SB,44.78414,-93.2887,2
1012,I-35W,SB,44.78414,-93.2887,3
1013,I-35W,SB,44.78414,-93.2887,4
6829,I-35W,SB,44.78414,-93.2887,1
T9584,I-35W,SB,44.78429,-93.28869,1
T9585,I-35W,SB,44.78429,-93.28869,2
T9586,I-35W,SB,44.78429,-93.28869,3
T9587,I-35W,SB,44.78429,-93.28869,4
1009,I-35W,SB,44.78521,-93.28874,0
6901,I-35W,SB,44.78728,-93.2889,1
6902,I-35W,SB,44.78728,-93.2889,2
6903,I-35W,SB,44.78728,-93.2889,3
6904,I-35W,SB,44.78728,-93.2889,4
6805,I-35W,SB,44.79094,-93.2891,1
6806,I-35W,SB,44.79094,-93.2891,2
6807,I-35W,SB,44.79094,-93.2891,3
6808,I-35W,SB,44.79094,-93.2891,4
1005,I-35W,SB,44.79638,-93.2893,0
1004,I-35W,SB,44.79754,-93.28937,0
1006,I-35W,SB,44.79817,-93.2895,2
1007,I-35W,SB,44.79817,-93.2895,3
1008,I-35W,SB,44.79817,-93.2895,4
6804,I-35W,SB,44.79817,-93.2895,1
8801,I-35W,SB,44.79817,-93.2895,5
T3568,I-35W,SB,44.79857,-93.28958,1
T3569,I-35W,SB,44.79857,-93.28958,2
T3570,I-35W,SB,44.79857,-93.28958,3
T3571,I-35W,SB,44.80317,-93.29055,1
T3572,I-35W,SB,44.80317,-93.29055,2
T3573,I-35W,SB,44.80317,-93.29055,3
T3574,I-35W,SB,44.80317,-93.29055,4
1003,I-35W,SB,44.80745,-93.29128,4
256,I-35W,SB,44.80745,-93.29128,2
257,I-35W,SB,44.80745,-93.29128,3
6803,I-35W,SB,44.80745,-93.29128,1
1002,I-35W,SB,44.80923,-93.29141,4
254,I-35W,SB,44.80923,-93.29141,2
255,I-35W,SB,44.80923,-93.29141,3
6802,I-35W,SB,44.80923,-93.29141,1
110,I-35W,SB,44.81009,-93.29146,0
3502,I-35W,SB,44.81009,-93.29146,0
4815,I-35W,SB,44.81009,-93.29146,0
151,I-35W,SB,44.81463,-93.29156,0
6908,I-35W,SB,44.8165,-93.29154,1
6909,I-35W,SB,44.8165,-93.29154,2
6910,I-35W,SB,44.8165,-93.29154,3
1001,I-35W,SB,44.8189,-93.2915,3
252,I-35W,SB,44.8189,-93.2915,1
253,I-35W,SB,44.8189,-93.2915,2
1000,I-35W,SB,44.82255,-93.29156,3
250,I-35W,SB,44.82255,-93.29156,1
251,I-35W,SB,44.82255,-93.29156,2
3504,I-35W,SB,44.82367,-93.29159,0
4814,I-35W,SB,44.82367,-93.29159,0
487,I-35W,SB,44.82367,-93.29159,0
488,I-35W,SB,44.82367,-93.29159,2
7,I-35W,SB,44.82367,-93.29159,0
109,I-35W,SB,44.82368,-93.29159,0
3503,I-35W,SB,44.82368,-93.29159,0
4813,I-35W,SB,44.82368,-93.29159,0
150,I-35W,SB,44.82878,-93.29237,0
6799,I-35W,SB,44.82961,-93.29278,1
6800,I-35W,SB,44.82961,-93.29278,2
6801,I-35W,SB,44.82961,-93.29278,3
108,I-35W,SB,44.83087,-93.29345,0
3505,I-35W,SB,44.83087,-93.29345,0
4812,I-35W,SB,44.83087,-93.29345,0
149,I-35W,SB,44.83558,-93.29641,0
248,I-35W,SB,44.83605,-93.29671,1
249,I-35W,SB,44.83605,-93.29671,2
999,I-35W,SB,44.83605,-93.29671,3
107,I-35W,SB,44.83844,-93.29803,0
3879,I-35W,SB,44.83844,-93.29803,0
4811,I-35W,SB,44.83844,-93.29803,0
148,I-35W,SB,44.84261,-93.29843,0
246,I-35W,SB,44.844,-93.29854,1
247,I-35W,SB,44.844,-93.29854,2
583,I-35W,SB,44.844,-93.29854,3
6914,I-35W,SB,44.84604,-93.29848,1
6915,I-35W,SB,44.84604,-93.29848,2
6916,I-35W,SB,44.84604,-93.29848,3
244,I-35W,SB,44.84727,-93.29846,1
245,I-35W,SB,44.84727,-93.29846,2
582,I-35W,SB,44.84727,-93.29846,3
106,I-35W,SB,44.85314,-93.29837,0
3878,I-35W,SB,44.85314,-93.29837,0
4810,I-35W,SB,44.85314,-93.29837,0
242,I-35W,SB,44.85684,-93.2984,1
243,I-35W,SB,44.85684,-93.2984,2
355,I-35W,SB,44.85684,-93.2984,3
147,I-35W,SB,44.85718,-93.2984,0
105,I-35W,SB,44.85945,-93.29853,0
3506,I-35W,SB,44.85945,-93.29853,1
3507,I-35W,SB,44.85945,-93.29853,2
4809,I-35W,SB,44.85945,-93.29853,0
571,I-35W,SB,44.85991,-93.29856,1
572,I-35W,SB,44.85991,-93.29856,2
573,I-35W,SB,44.85991,-93.29856,3
104,I-35W,SB,44.86254,-93.29872,0
3877,I-35W,SB,44.86254,-93.29872,0
4808,I-35W,SB,44.86254,-93.29872,0
240,I-35W,SB,44.86282,-93.29875,1
241,I-35W,SB,44.86282,-93.29875,2
354,I-35W,SB,44.86282,-93.29875,3
T9569,I-35W,SB,44.86429,-93.29886,3
T9570,I-35W,SB,44.86429,-93.29886,2
T9571,I-35W,SB,44.86429,-93.29886,1
238,I-35W,SB,44.86578,-93.29909,1
239,I-35W,SB,44.86578,-93.29909,2
351,I-35W,SB,44.86578,-93.29909,3
144,I-35W,SB,44.86809,-93.29918,0
3941,I-35W,SB,44.87088,-93.29904,1
3942,I-35W,SB,44.87088,-93.29904,2
3943,I-35W,SB,44.87088,-93.29904,3
6289,I-35W,SB,44.87088,-93.29904,1
6290,I-35W,SB,44.87088,-93.29904,2
6291,I-35W,SB,44.87088,-93.29904,3
236,I-35W,SB,44.87106,-93.29904,1
237,I-35W,SB,44.87106,-93.29904,2
3946,I-35W,SB,44.87106,-93.29904,3
6286,I-35W,SB,44.87106,-93.29904,1
6287,I-35W,SB,44.87106,-93.29904,2
6288,I-35W,SB,44.87106,-93.29904,3
6921,I-35W,SB,44.87492,-93.29863,1
6922,I-35W,SB,44.87492,-93.29863,2
6923,I-35W,SB,44.87492,-93.29863,3
234,I-35W,SB,44.87647,-93.29829,1
235,I-35W,SB,44.87647,-93.29829,2
3945,I-35W,SB,44.87647,-93.29829,3
103,I-35W,SB,44.8811,-93.29631,0
3509,I-35W,SB,44.8811,-93.29631,0
3940,I-35W,SB,44.8811,-93.29631,0
4807,I-35W,SB,44.8811,-93.29631,0
232,I-35W,SB,44.88238,-93.29604,1
233,I-35W,SB,44.88238,-93.29604,2
3944,I-35W,SB,44.88238,-93.29604,3
143,I-35W,SB,44.8852,-93.29623,0
5906,I-35W,SB,44.88923,-93.29534,0
101,I-35W,SB,44.88925,-93.29617,0
1072,I-35W,SB,44.88925,-93.29617,0
3524,I-35W,SB,44.88925,-93.29617,0
4806,I-35W,SB,44.88925,-93.29617,0
3523,I-35W,SB,44.88971,-93.29606,0
3937,I-35W,SB,44.88971,-93.29606,0
4970,I-35W,SB,44.88971,-93.29606,0
5903,I-35W,SB,44.88971,-93.29606,0
230,I-35W,SB,44.8899,-93.29425,1
231,I-35W,SB,44.8899,-93.29425,2
3947,I-35W,SB,44.8899,-93.29425,3
5905,I-35W,SB,44.8899,-93.29425,3
227,I-35W,SB,44.89038,-93.28818,1
228,I-35W,SB,44.89038,-93.28818,2
229,I-35W,SB,44.89038,-93.28818,3
225,I-35W,SB,44.89056,-93.27701,1
226,I-35W,SB,44.89056,-93.27701,2
5921,I-35W,SB,44.89056,-93.27701,3
5936,I-35W,SB,44.89542,-93.27571,1
5937,I-35W,SB,44.89542,-93.27571,2
5938,I-35W,SB,44.89542,-93.27571,3
222,I-35W,SB,44.89549,-93.27512,1
223,I-35W,SB,44.89549,-93.27512,2
224,I-35W,SB,44.89549,-93.27512,3
138,I-35W,SB,44.89587,-93.27572,0
6927,I-35W,SB,44.89703,-93.27515,1
6928,I-35W,SB,44.89703,-93.27515,2
6929,I-35W,SB,44.89703,-93.27515,3
3519,I-35W,SB,44.8991,-93.27555,0
4805,I-35W,SB,44.8991,-93.27555,0
99,I-35W,SB,44.8991,-93.27555,0
219,I-35W,SB,44.90227,-93.27509,1
220,I-35W,SB,44.90227,-93.27509,2
221,I-35W,SB,44.90227,-93.27509,3
5939,I-35W,SB,44.90227,-93.27509,4
5940,I-35W,SB,44.90227,-93.27509,5
137,I-35W,SB,44.90647,-93.27502,0
5953,I-35W,SB,44.90712,-93.27501,1
5954,I-35W,SB,44.90712,-93.27501,1
5955,I-35W,SB,44.90712,-93.27501,2
5956,I-35W,SB,44.90712,-93.27501,2
5957,I-35W,SB,44.90712,-93.27501,3
5958,I-35W,SB,44.90712,-93.27501,3
5959,I-35W,SB,44.90712,-93.27501,4
5960,I-35W,SB,44.90712,-93.27501,4
5961,I-35W,SB,44.90712,-93.27501,5
5962,I-35W,SB,44.90712,-93.27501,5
6936,I-35W,SB,44.91595,-93.27491,1
6937,I-35W,SB,44.91595,-93.27491,2
6938,I-35W,SB,44.91595,-93.27491,3
6939,I-35W,SB,44.91595,-93.27491,4
6940,I-35W,SB,44.91595,-93.27491,5
3887,I-35W,SB,44.91628,-93.27493,0
4804,I-35W,SB,44.91628,-93.27493,0
98,I-35W,SB,44.91628,-93.27493,0
5984,I-35W,SB,44.9173,-93.27491,0
5972,I-35W,SB,44.91986,-93.27488,1
5973,I-35W,SB,44.91986,-93.27488,2
5974,I-35W,SB,44.91986,-93.27488,3
5975,I-35W,SB,44.91986,-93.27488,4
5976,I-35W,SB,44.91986,-93.27488,5
207,I-35W,SB,44.92003,-93.27488,1
208,I-35W,SB,44.92003,-93.27488,2
209,I-35W,SB,44.92003,-93.27488,3
5970,I-35W,SB,44.92003,-93.27488,4
5971,I-35W,SB,44.92003,-93.27488,5
5981,I-35W,SB,44.92095,-93.27487,0
136,I-35W,SB,44.92377,-93.27482,0
203,I-35W,SB,44.92933,-93.27492,1
204,I-35W,SB,44.92933,-93.27492,2
205,I-35W,SB,44.92933,-93.27492,3
206,I-35W,SB,44.92933,-93.27492,4
7881,I-35W,SB,44.92933,-93.27492,5
3869,I-35W,SB,44.93415,-93.27495,0
4803,I-35W,SB,44.93415,-93.27495,0
97,I-35W,SB,44.93415,-93.27495,0
199,I-35W,SB,44.93465,-93.27482,1
200,I-35W,SB,44.93465,-93.27482,2
201,I-35W,SB,44.93465,-93.27482,3
202,I-35W,SB,44.93465,-93.27482,4
7880,I-35W,SB,44.93465,-93.27482,5
6946,I-35W,SB,44.93543,-93.27482,1
6947,I-35W,SB,44.93543,-93.27482,2
6948,I-35W,SB,44.93543,-93.27482,3
6949,I-35W,SB,44.93543,-93.27482,4
195,I-35W,SB,44.93984,-93.27498,1
196,I-35W,SB,44.93984,-93.27498,2
197,I-35W,SB,44.93984,-93.27498,3
198,I-35W,SB,44.93984,-93.27498,4
135,I-35W,SB,44.94261,-93.275,0
7874,I-35W,SB,44.94374,-93.27496,1
7875,I-35W,SB,44.94374,-93.27496,2
7876,I-35W,SB,44.94374,-93.27496,3
7877,I-35W,SB,44.94374,-93.27496,4
7878,I-35W,SB,44.94374,-93.27496,5
7879,I-35W,SB,44.94374,-93.27496,6
3868,I-35W,SB,44.94499,-93.27493,0
4802,I-35W,SB,44.94499,-93.27493,0
96,I-35W,SB,44.94499,-93.27493,0
187,I-35W,SB,44.95072,-93.2744,1
188,I-35W,SB,44.95072,-93.2744,2
189,I-35W,SB,44.95072,-93.2744,3
190,I-35W,SB,44.95072,-93.2744,4
7871,I-35W,SB,44.95072,-93.2744,5
7872,I-35W,SB,44.95098,-93.27426,1
7873,I-35W,SB,44.95117,-93.27419,1
6955,I-35W,SB,44.95228,-93.27325,1
6956,I-35W,SB,44.95228,-93.27325,2
6957,I-35W,SB,44.95228,-93.27325,3
6958,I-35W,SB,44.95228,-93.27325,4
183,I-35W,SB,44.95512,-93.27083,1
184,I-35W,SB,44.95512,-93.27083,2
185,I-35W,SB,44.95512,-93.27083,3
186,I-35W,SB,44.95512,-93.27083,4
7869,I-35W,SB,44.95512,-93.27083,5
7870,I-35W,SB,44.95512,-93.27083,6
178,I-35W,SB,44.95991,-93.26969,4
179,I-35W,SB,44.95991,-93.26969,5
180,I-35W,SB,44.95991,-93.26969,6
181,I-35W,SB,44.95991,-93.26969,1
182,I-35W,SB,44.95991,-93.26969,2
7868,I-35W,SB,44.95991,-93.26969,3
2242,I-35W,SB,44.96583,-93.26461,1
2243,I-35W,SB,44.96583,-93.26461,2
2244,I-35W,SB,44.96583,-93.26461,3
8791,I-35W,SB,44.96583,-93.26461,1
8792,I-35W,SB,44.96583,-93.26461,2
8793,I-35W,SB,44.96583,-93.26461,3
5299,I-35W,SB,44.96584,-93.26039,0
2241,I-35W,SB,44.96613,-93.25622,0
2689,I-35W,SB,44.96716,-93.25482,0
2236,I-35W,SB,44.96732,-93.25451,1
2239,I-35W,SB,44.9676,-93.25392,1
2240,I-35W,SB,44.9676,-93.25392,2
2237,I-35W,SB,44.97056,-93.2526,2
2238,I-35W,SB,44.97056,-93.2526,3
2235,I-35W,SB,44.97103,-93.25254,0
3866,I-35W,SB,44.97103,-93.25254,0
4798,I-35W,SB,44.97103,-93.25254,0
2233,I-35W,SB,44.97294,-93.25085,0
2234,I-35W,SB,44.97294,-93.25085,0
2245,I-35W,SB,44.97294,-93.25085,0
3864,I-35W,SB,44.97294,-93.25085,0
3865,I-35W,SB,44.97294,-93.25085,0
4796,I-35W,SB,44.97294,-93.25085,0
4797,I-35W,SB,44.97294,-93.25085,0
2246,I-35W,SB,44.97326,-93.25047,0
2229,I-35W,SB,44.97472,-93.24883,1
2230,I-35W,SB,44.97472,-93.24883,2
2231,I-35W,SB,44.97472,-93.24883,3
2232,I-35W,SB,44.97472,-93.24883,4
2228,I-35W,SB,44.97584,-93.24739,0
6710,I-35W,SB,44.97674,-93.24627,1
6711,I-35W,SB,44.97674,-93.24627,1
6712,I-35W,SB,44.97674,-93.24627,2
6713,I-35W,SB,44.97674,-93.24627,2
6714,I-35W,SB,44.97674,-93.24627,3
6715,I-35W,SB,44.97674,-93.24627,3
6716,I-35W,SB,44.97674,-93.24627,4
6717,I-35W,SB,44.97674,-93.24627,4
6718,I-35W,SB,44.97674,-93.24627,5
6719,I-35W,SB,44.97674,-93.24627,5
2227,I-35W,SB,44.98119,-93.24429,0
3849,I-35W,SB,44.98119,-93.24429,0
4795,I-35W,SB,44.98119,-93.24429,0
6720,I-35W,SB,44.98119,-93.24429,2
2224,I-35W,SB,44.98175,-93.24397,1
2225,I-35W,SB,44.98175,-93.24397,2
2226,I-35W,SB,44.98175,-93.24397,3
6709,I-35W,SB,44.98175,-93.24397,4
2223,I-35W,SB,44.98509,-93.24139,1
6574,I-35W,SB,44.98509,-93.24139,0
2222,I-35W,SB,44.98892,-93.23648,0
3848,I-35W,SB,44.98892,-93.23648,0
4794,I-35W,SB,44.98892,-93.23648,0
2219,I-35W,SB,44.99115,-93.23659,1
2220,I-35W,SB,44.99115,-93.23659,2
2221,I-35W,SB,44.99115,-93.23659,3
2215,I-35W,SB,44.99646,-93.23853,1
2216,I-35W,SB,44.99646,-93.23853,2
2217,I-35W,SB,44.99646,-93.23853,3
2218,I-35W,SB,44.99646,-93.23853,4
2207,I-35W,SB,45.00091,-93.22346,1
2208,I-35W,SB,45.00091,-93.22346,2
2209,I-35W,SB,45.00091,-93.22346,3
2214,I-35W,SB,45.00099,-93.23676,0
3520,I-35W,SB,45.00099,-93.23676,1
3521,I-35W,SB,45.00099,-93.23676,2
3522,I-35W,SB,45.00099,-93.23676,3
4793,I-35W,SB,45.00099,-93.23676,0
2206,I-35W,SB,45.00104,-93.22085,0
2213,I-35W,SB,45.00128,-93.23656,0
3847,I-35W,SB,45.00128,-93.23656,0
4792,I-35W,SB,45.00128,-93.23656,0
2205,I-35W,SB,45.00246,-93.21611,0
3846,I-35W,SB,45.00246,-93.21611,0
4791,I-35W,SB,45.00246,-93.21611,0
2210,I-35W,SB,45.00273,-93.23333,1
2211,I-35W,SB,45.00273,-93.23333,2
2212,I-35W,SB,45.00273,-93.23333,3
2202,I-35W,SB,45.00302,-93.21487,1
2203,I-35W,SB,45.00302,-93.21487,2
2204,I-35W,SB,45.00302,-93.21487,3
2201,I-35W,SB,45.00593,-93.20842,0
2198,I-35W,SB,45.01014,-93.2004,1
2199,I-35W,SB,45.01014,-93.2004,2
2200,I-35W,SB,45.01014,-93.2004,3
2197,I-35W,SB,45.01032,-93.19901,2
2194,I-35W,SB,45.01181,-93.18838,1
2195,I-35W,SB,45.01181,-93.18838,2
2196,I-35W,SB,45.0119,-93.1883,1
2192,I-35W,SB,45.01534,-93.18789,1
2193,I-35W,SB,45.01534,-93.18789,2
2846,I-35W,SB,45.01578,-93.18804,1
2847,I-35W,SB,45.01578,-93.18804,2
2848,I-35W,SB,45.01578,-93.18804,3
2849,I-35W,SB,45.01578,-93.18804,4
2842,I-35W,SB,45.0217,-93.18989,1
2843,I-35W,SB,45.0217,-93.18989,2
2844,I-35W,SB,45.0217,-93.18989,3
8152,I-35W,SB,45.0217,-93.18989,4
2845,I-35W,SB,45.02214,-93.19001,0
3776,I-35W,SB,45.02214,-93.19001,1
3845,I-35W,SB,45.02214,-93.19001,2
4790,I-35W,SB,45.02214,-93.19001,0
2841,I-35W,SB,45.0245,-93.19075,0
2838,I-35W,SB,45.02788,-93.19115,1
2839,I-35W,SB,45.02788,-93.19115,2
2840,I-35W,SB,45.02788,-93.19115,3
8151,I-35W,SB,45.02788,-93.19115,4
2837,I-35W,SB,45.03299,-93.19116,0
3844,I-35W,SB,45.03299,-93.19116,0
4789,I-35W,SB,45.03299,-93.19116,0
2833,I-35W,SB,45.03492,-93.19092,0
2834,I-35W,SB,45.03644,-93.19061,1
2835,I-35W,SB,45.03644,-93.19061,2
2836,I-35W,SB,45.03644,-93.19061,3
8150,I-35W,SB,45.03644,-93.19061,4
2830,I-35W,SB,45.0417,-93.18961,1
2831,I-35W,SB,45.0417,-93.18961,2
2832,I-35W,SB,45.0417,-93.18961,3
8149,I-35W,SB,45.0417,-93.18961,4
2829,I-35W,SB,45.04365,-93.1894,0
2826,I-35W,SB,45.04851,-93.18906,1
2827,I-35W,SB,45.04851,-93.18906,2
2828,I-35W,SB,45.04851,-93.18906,3
8148,I-35W,SB,45.04851,-93.18906,4
2825,I-35W,SB,45.05492,-93.1881,0
3843,I-35W,SB,45.05492,-93.1881,0
4788,I-35W,SB,45.05492,-93.1881,0
2822,I-35W,SB,45.05794,-93.18752,1
2823,I-35W,SB,45.05794,-93.18752,2
2824,I-35W,SB,45.05794,-93.18752,3
8147,I-35W,SB,45.05794,-93.18752,4
2821,I-35W,SB,45.06046,-93.18703,0
3842,I-35W,SB,45.06426,-93.18649,0
4787,I-35W,SB,45.06426,-93.18649,0
799,I-35W,SB,45.06426,-93.18649,0
796,I-35W,SB,45.06664,-93.1862,2
797,I-35W,SB,45.06664,-93.1862,3
798,I-35W,SB,45.06664,-93.1862,4
8146,I-35W,SB,45.06664,-93.1862,5
3841,I-35W,SB,45.06761,-93.1861,0
4786,I-35W,SB,45.06761,-93.1861,0
737,I-35W,SB,45.06761,-93.1861,0
2816,I-35W,SB,45.07251,-93.18555,1
2817,I-35W,SB,45.07251,-93.18555,2
2818,I-35W,SB,45.07251,-93.18555,3
7698,I-35W,SB,45.07261,-93.18554,2
7699,I-35W,SB,45.07261,-93.18554,3
7700,I-35W,SB,45.07261,-93.18554,4
8145,I-35W,SB,45.07261,-93.18554,5
2815,I-35W,SB,45.07655,-93.18564,0
3840,I-35W,SB,45.07655,-93.18564,1
4785,I-35W,SB,45.07655,-93.18564,0
7701,I-35W,SB,45.07655,-93.18564,2
2812,I-35W,SB,45.07744,-93.1857,1
2813,I-35W,SB,45.07744,-93.1857,2
2814,I-35W,SB,45.07744,-93.1857,3
7695,I-35W,SB,45.07877,-93.1858,1
7696,I-35W,SB,45.07877,-93.1858,2
7697,I-35W,SB,45.07877,-93.1858,3
8144,I-35W,SB,45.07877,-93.1858,4
2811,I-35W,SB,45.08217,-93.18602,0
2807,I-35W,SB,45.08705,-93.18755,1
2808,I-35W,SB,45.08705,-93.18755,2
2809,I-35W,SB,45.08705,-93.18755,3
8143,I-35W,SB,45.08705,-93.18755,4
10001,I-35W,SB,45.08769,-93.18771,0
2810,I-35W,SB,45.08769,-93.18771,0
4419,I-35W,SB,45.08769,-93.18771,0
4784,I-35W,SB,45.08769,-93.18771,0
2806,I-35W,SB,45.09267,-93.18831,0
10002,I-35W,SB,45.09809,-93.18839,0
2801,I-35W,SB,45.09809,-93.18839,0
8140,I-35W,SB,45.09809,-93.18839,1
2777,I-35W,SB,45.09946,-93.1884,4
2802,I-35W,SB,45.09946,-93.1884,3
2803,I-35W,SB,45.09946,-93.1884,4
2804,I-35W,SB,45.09946,-93.1884,5
2805,I-35W,SB,45.09946,-93.1884,6
8138,I-35W,SB,45.09946,-93.1884,1
8139,I-35W,SB,45.09946,-93.1884,2
2800,I-35W,SB,45.10426,-93.18848,0
4417,I-35W,SB,45.10426,-93.18848,0
4782,I-35W,SB,45.10426,-93.18848,0
2776,I-35W,SB,45.10699,-93.1885,4
2797,I-35W,SB,45.10699,-93.1885,1
2798,I-35W,SB,45.10699,-93.1885,2
2799,I-35W,SB,45.10699,-93.1885,3
8137,I-35W,SB,45.10699,-93.1885,5
2796,I-35W,SB,45.1073,-93.18851,0
2774,I-35W,SB,45.11427,-93.18859,1
2775,I-35W,SB,45.11427,-93.18859,2
2793,I-35W,SB,45.1147,-93.18859,1
2794,I-35W,SB,45.1147,-93.18859,2
7693,I-35W,SB,45.11647,-93.18861,1
7694,I-35W,SB,45.11647,-93.18861,2
8136,I-35W,SB,45.11647,-93.18861,3
2792,I-35W,SB,45.11887,-93.18863,0
2778,I-35W,SB,45.12465,-93.18874,0
2779,I-35W,SB,45.12465,-93.18874,0
2790,I-35W,SB,45.12465,-93.18874,0
2791,I-35W,SB,45.12465,-93.18874,0
4416,I-35W,SB,45.12465,-93.18874,0
4780,I-35W,SB,45.12465,-93.18874,0
4781,I-35W,SB,45.12465,-93.18874,0
2788,I-35W,SB,45.1256,-93.18875,1
2789,I-35W,SB,45.1256,-93.18875,2
7691,I-35W,SB,45.12758,-93.18873,1
7692,I-35W,SB,45.12758,-93.18873,2
8135,I-35W,SB,45.12758,-93.18873,3
7689,I-35W,SB,45.1315,-93.18878,1
7690,I-35W,SB,45.1315,-93.18878,2
8134,I-35W,SB,45.1315,-93.18878,3
2787,I-35W,SB,45.13881,-93.18799,0
2819,I-35W,SB,45.13881,-93.18799,0
2820,I-35W,SB,45.13881,-93.18799,0
4779,I-35W,SB,45.13881,-93.18799,0
2785,I-35W,SB,45.14095,-93.18683,1
2786,I-35W,SB,45.14095,-93.18683,2
7687,I-35W,SB,45.14108,-93.18677,1
7688,I-35W,SB,45.14108,-93.18677,2
8133,I-35W,SB,45.14108,-93.18677,3
2784,I-35W,SB,45.14488,-93.18343,0
7685,I-35W,SB,45.1491,-93.17769,1
7686,I-35W,SB,45.1491,-93.17769,2
8132,I-35W,SB,45.1491,-93.17769,3
7683,I-35W,SB,45.15482,-93.16982,1
7684,I-35W,SB,45.15482,-93.16982,2
8131,I-35W,SB,45.15482,-93.16982,3
2783,I-35W,SB,45.15788,-93.16565,0
4415,I-35W,SB,45.15788,-93.16565,0
4778,I-35W,SB,45.15788,-93.16565,0
2781,I-35W,SB,45.15863,-93.16464,1
2782,I-35W,SB,45.15863,-93.16464,2
8130,I-35W,SB,45.15863,-93.16464,3
2780,I-35W,SB,45.16201,-93.16004,0
8128,I-35W,SB,45.16636,-93.15069,1
8129,I-35W,SB,45.16636,-93.15069,2
6485,I-35W,SB,45.16824,-93.14281,1
6486,I-35W,SB,45.16824,-93.14281,2
6483,I-35W,SB,45.17275,-93.125,1
6484,I-35W,SB,45.17275,-93.125,2
842,I-494,EB,44.85794,-93.33491,0
5192,I-494,EB,44.85824,-93.34212,1
834,I-494,EB,44.85824,-93.34212,2
835,I-494,EB,44.85824,-93.34212,3
836,I-494,EB,44.85824,-93.34212,4
9526,I-494,EB,44.85824,-93.34212,5
837,I-494,EB,44.85838,-93.33064,1
838,I-494,EB,44.85838,-93.33064,2
839,I-494,EB,44.85838,-93.33064,3
9528,I-494,EB,44.85838,-93.33064,4
9529,I-494,EB,44.85838,-93.33064,5
3082,I-494,EB,44.85858,-93.34659,1
3083,I-494,EB,44.85858,-93.34659,0
4688,I-494,EB,44.85858,-93.34659,0
823,I-494,EB,44.85858,-93.34659,0
5184,I-494,EB,44.85866,-93.34768,4
819,I-494,EB,44.85866,-93.34768,1
820,I-494,EB,44.85866,-93.34768,2
821,I-494,EB,44.85866,-93.34768,3
3084,I-494,EB,44.85874,-93.32901,5
3085,I-494,EB,44.85874,-93.32901,6
3095,I-494,EB,44.85874,-93.32901,3
3096,I-494,EB,44.85874,-93.32901,4
3097,I-494,EB,44.85874,-93.32901,0
3098,I-494,EB,44.85874,-93.32901,2
4689,I-494,EB,44.85874,-93.32901,0
840,I-494,EB,44.85874,-93.32901,0
825,I-494,EB,44.85875,-93.34929,0
822,I-494,EB,44.85883,-93.35078,0
9512,I-494,EB,44.85883,-93.35078,0
9516,I-494,EB,44.85892,-93.35223,1
9517,I-494,EB,44.85892,-93.35223,2
9518,I-494,EB,44.85892,-93.35223,3
9519,I-494,EB,44.85892,-93.35223,4
9520,I-494,EB,44.85892,-93.35223,5
9521,I-494,EB,44.85892,-93.35223,6
824,I-494,EB,44.85898,-93.35387,0
3337,I-494,EB,44.85911,-93.40791,1
3338,I-494,EB,44.85911,-93.40791,2
3339,I-494,EB,44.85911,-93.40791,3
3340,I-494,EB,44.85911,-93.40791,4
7111,I-494,EB,44.85913,-93.40028,0
1201,I-494,EB,44.85914,-93.39963,0
3925,I-494,EB,44.85914,-93.39963,0
7100,I-494,EB,44.85918,-93.39882,1
7101,I-494,EB,44.85918,-93.39882,2
7102,I-494,EB,44.85918,-93.39882,3
3922,I-494,EB,44.8593,-93.39477,0
3927,I-494,EB,44.8593,-93.39477,0
3928,I-494,EB,44.8593,-93.39477,0
4685,I-494,EB,44.8593,-93.39477,0
1200,I-494,EB,44.85931,-93.41614,0
3579,I-494,EB,44.85931,-93.41614,0
3580,I-494,EB,44.85931,-93.41614,2
4684,I-494,EB,44.85931,-93.41614,0
1178,I-494,EB,44.85934,-93.39224,1
1179,I-494,EB,44.85934,-93.39224,2
3333,I-494,EB,44.85934,-93.39224,3
3334,I-494,EB,44.85934,-93.39224,4
3080,I-494,EB,44.85936,-93.35959,0
3081,I-494,EB,44.85936,-93.35959,1
4687,I-494,EB,44.85936,-93.35959,0
5179,I-494,EB,44.85936,-93.35959,0
805,I-494,EB,44.85936,-93.35959,0
3924,I-494,EB,44.85938,-93.39009,0
3929,I-494,EB,44.85938,-93.39009,0
3948,I-494,EB,44.85938,-93.39009,0
4686,I-494,EB,44.85938,-93.39009,0
5183,I-494,EB,44.85947,-93.36146,3
803,I-494,EB,44.85947,-93.36146,1
804,I-494,EB,44.85947,-93.36146,2
9513,I-494,EB,44.85947,-93.36146,4
9514,I-494,EB,44.85947,-93.36146,5
1198,I-494,EB,44.85958,-93.41755,1
1199,I-494,EB,44.85958,-93.41755,2
3325,I-494,EB,44.85958,-93.41755,3
3326,I-494,EB,44.85958,-93.41755,4
5182,I-494,EB,44.8597,-93.36554,0
3949,I-494,EB,44.85985,-93.38406,0
7105,I-494,EB,44.85985,-93.38406,0
7720,I-494,EB,44.85985,-93.38406,0
1205,I-494,EB,44.85997,-93.38311,1
1206,I-494,EB,44.85997,-93.38311,2
3406,I-494,EB,44.85997,-93.38311,3
3407,I-494,EB,44.85997,-93.38311,4
1207,I-494,EB,44.86003,-93.37266,1
1208,I-494,EB,44.86003,-93.37266,2
3409,I-494,EB,44.86003,-93.37266,3
3419,I-494,EB,44.86003,-93.37266,4
3086,I-494,EB,44.86014,-93.32386,1
3087,I-494,EB,44.86014,-93.32386,2
4690,I-494,EB,44.86014,-93.32386,0
841,I-494,EB,44.86014,-93.32386,0
5718,I-494,EB,44.86067,-93.10523,1
5719,I-494,EB,44.86067,-93.10523,2
5720,I-494,EB,44.86067,-93.10523,3
5708,I-494,EB,44.86106,-93.16752,0
5704,I-494,EB,44.86107,-93.16541,1
5705,I-494,EB,44.86107,-93.16541,2
5706,I-494,EB,44.86107,-93.16541,3
5707,I-494,EB,44.86107,-93.16541,4
4922,I-494,EB,44.86111,-93.1592,0
5709,I-494,EB,44.86111,-93.1592,0
5701,I-494,EB,44.86112,-93.1783,1
5702,I-494,EB,44.86112,-93.1783,2
5703,I-494,EB,44.86112,-93.1783,3
3578,I-494,EB,44.86124,-93.42222,0
4949,I-494,EB,44.86124,-93.42222,0
5194,I-494,EB,44.86124,-93.42222,0
846,I-494,EB,44.86125,-93.31833,1
847,I-494,EB,44.86125,-93.31833,2
848,I-494,EB,44.86125,-93.31833,3
9536,I-494,EB,44.86125,-93.31833,4
9537,I-494,EB,44.86125,-93.31833,5
T9640,I-494,EB,44.86125,-93.31833,1
T9641,I-494,EB,44.86125,-93.31833,2
T9642,I-494,EB,44.86125,-93.31833,3
3093,I-494,EB,44.86158,-93.27501,0
4695,I-494,EB,44.86158,-93.27501,0
886,I-494,EB,44.86158,-93.27501,0
883,I-494,EB,44.86162,-93.27789,1
884,I-494,EB,44.86162,-93.27789,2
885,I-494,EB,44.86162,-93.27789,3
5721,I-494,EB,44.86169,-93.09306,1
5722,I-494,EB,44.86169,-93.09306,2
5723,I-494,EB,44.86169,-93.09306,3
887,I-494,EB,44.86171,-93.28124,0
462,I-494,EB,44.86173,-93.30018,1
463,I-494,EB,44.86173,-93.30018,2
464,I-494,EB,44.86173,-93.30018,3
3089,I-494,EB,44.86173,-93.29918,0
4692,I-494,EB,44.86173,-93.29918,0
862,I-494,EB,44.86173,-93.29918,0
3090,I-494,EB,44.86173,-93.29452,1
3091,I-494,EB,44.86173,-93.29452,2
4693,I-494,EB,44.86173,-93.29452,0
863,I-494,EB,44.86173,-93.29452,0
873,I-494,EB,44.86173,-93.2897,1
874,I-494,EB,44.86173,-93.2897,2
875,I-494,EB,44.86173,-93.2897,3
3088,I-494,EB,44.86174,-93.30485,1
3099,I-494,EB,44.86174,-93.30485,2
3100,I-494,EB,44.86174,-93.30485,3
4691,I-494,EB,44.86174,-93.30485,0
852,I-494,EB,44.86174,-93.30485,0
877,I-494,EB,44.86174,-93.29152,0
853,I-494,EB,44.86175,-93.31289,0
9541,I-494,EB,44.86175,-93.29676,1
9542,I-494,EB,44.86175,-93.29676,2
9543,I-494,EB,44.86175,-93.29676,2
9544,I-494,EB,44.86175,-93.29676,4
9545,I-494,EB,44.86175,-93.29676,5
849,I-494,EB,44.86176,-93.30991,1
850,I-494,EB,44.86176,-93.30991,2
851,I-494,EB,44.86176,-93.30991,3
9540,I-494,EB,44.86176,-93.30991,4
3092,I-494,EB,44.86177,-93.28607,0
4694,I-494,EB,44.86177,-93.28607,0
6762,I-494,EB,44.86177,-93.28607,2
6763,I-494,EB,44.86177,-93.28607,3
876,I-494,EB,44.86177,-93.28607,0
895,I-494,EB,44.86189,-93.27011,0
1535,I-494,EB,44.86204,-93.23381,0
4697,I-494,EB,44.86204,-93.23381,0
1536,I-494,EB,44.86204,-93.23101,0
4698,I-494,EB,44.86204,-93.23101,0
1537,I-494,EB,44.86204,-93.22904,1
1538,I-494,EB,44.86204,-93.22904,2
1539,I-494,EB,44.86204,-93.22904,3
1540,I-494,EB,44.86204,-93.22904,4
1541,I-494,EB,44.86204,-93.22904,5
T1537,I-494,EB,44.86204,-93.22904,1
T1538,I-494,EB,44.86204,-93.22904,2
T1539,I-494,EB,44.86204,-93.22904,3
T1540,I-494,EB,44.86204,-93.22904,4
T1541,I-494,EB,44.86204,-93.22904,5
891,I-494,EB,44.86205,-93.26504,1
892,I-494,EB,44.86205,-93.26504,2
893,I-494,EB,44.86205,-93.26504,3
3094,I-494,EB,44.86205,-93.25578,0
4696,I-494,EB,44.86205,-93.25578,0
997,I-494,EB,44.86205,-93.25578,0
1621,I-494,EB,44.86205,-93.22699,0
9551,I-494,EB,44.86206,-93.26466,0
9567,I-494,EB,44.86206,-93.26466,0
9568,I-494,EB,44.86206,-93.26466,0
1250,I-494,EB,44.86206,-93.25677,1
1251,I-494,EB,44.86206,-93.25677,2
1252,I-494,EB,44.86206,-93.25677,3
7541,I-494,EB,44.86206,-93.25677,1
7542,I-494,EB,44.86206,-93.25677,2
7543,I-494,EB,44.86206,-93.25677,3
1532,I-494,EB,44.86207,-93.2407,1
1533,I-494,EB,44.86207,-93.2407,2
1534,I-494,EB,44.86207,-93.2407,3
7344,I-494,EB,44.86209,-93.24927,1
7345,I-494,EB,44.86209,-93.24927,2
7346,I-494,EB,44.86209,-93.24927,3
7536,I-494,EB,44.86209,-93.24927,1
7537,I-494,EB,44.86209,-93.24927,2
7538,I-494,EB,44.86209,-93.24927,3
1529,I-494,EB,44.86209,-93.24829,0
1531,I-494,EB,44.86209,-93.24314,0
1488,I-494,EB,44.8621,-93.25176,1
1489,I-494,EB,44.8621,-93.25176,2
5715,I-494,EB,44.8624,-93.11615,1
5716,I-494,EB,44.8624,-93.11615,2
5717,I-494,EB,44.8624,-93.11615,3
5714,I-494,EB,44.86242,-93.1195,0
5711,I-494,EB,44.86248,-93.12579,1
5712,I-494,EB,44.86248,-93.12579,2
5713,I-494,EB,44.86248,-93.12579,3
5710,I-494,EB,44.86251,-93.12907,0
1197,I-494,EB,44.86255,-93.42551,0
1243,I-494,EB,44.86255,-93.42551,0
3581,I-494,EB,44.86255,-93.42551,0
4683,I-494,EB,44.86255,-93.42551,0
1545,I-494,EB,44.86261,-93.21246,1
1546,I-494,EB,44.86261,-93.21246,2
1547,I-494,EB,44.86261,-93.21246,3
3481,I-494,EB,44.86262,-93.14121,1
3482,I-494,EB,44.86262,-93.14121,2
3483,I-494,EB,44.86262,-93.14121,3
1195,I-494,EB,44.86282,-93.42619,1
1196,I-494,EB,44.86282,-93.42619,2
3324,I-494,EB,44.86282,-93.42619,3
1194,I-494,EB,44.86409,-93.42887,0
1193,I-494,EB,44.86557,-93.4308,0
3583,I-494,EB,44.86557,-93.4308,0
4682,I-494,EB,44.86557,-93.4308,0
5724,I-494,EB,44.86861,-93.08459,0
5725,I-494,EB,44.87153,-93.08163,1
5726,I-494,EB,44.87153,-93.08163,2
5727,I-494,EB,44.87153,-93.08163,3
5728,I-494,EB,44.87374,-93.0791,0
5738,I-494,EB,44.87429,-93.0368,0
5735,I-494,EB,44.87452,-93.04337,1
5736,I-494,EB,44.87452,-93.04337,2
5737,I-494,EB,44.87452,-93.04337,3
T4075,I-494,EB,44.87452,-93.04327,1
T4076,I-494,EB,44.87452,-93.04327,2
T4077,I-494,EB,44.87452,-93.04327,3
5734,I-494,EB,44.87459,-93.04546,0
T4096,I-494,EB,44.8746,-93.05004,1
T4097,I-494,EB,44.8746,-93.05004,2
T4098,I-494,EB,44.8746,-93.05004,3
T4099,I-494,EB,44.8746,-93.05004,4
6175,I-494,EB,44.87463,-93.05786,1
6176,I-494,EB,44.87463,-93.05786,2
6177,I-494,EB,44.87463,-93.05786,3
T4103,I-494,EB,44.87466,-93.0633,1
T4104,I-494,EB,44.87466,-93.0633,2
T4105,I-494,EB,44.87466,-93.0633,3
5739,I-494,EB,44.87466,-93.03445,0
5741,I-494,EB,44.8748,-93.03389,1
5742,I-494,EB,44.8748,-93.03389,2
5743,I-494,EB,44.8748,-93.03389,3
5729,I-494,EB,44.8749,-93.0698,0
5731,I-494,EB,44.87514,-93.07353,1
5732,I-494,EB,44.87514,-93.07353,2
5733,I-494,EB,44.87514,-93.07353,3
4923,I-494,EB,44.87563,-93.03145,0
5740,I-494,EB,44.87563,-93.03145,0
T4069,I-494,EB,44.87672,-93.02967,1
T4070,I-494,EB,44.87672,-93.02967,2
T4071,I-494,EB,44.87672,-93.02967,3
T4086,I-494,EB,44.87672,-93.02967,4
5249,I-494,EB,44.88005,-93.02491,0
5250,I-494,EB,44.8814,-93.02273,1
5251,I-494,EB,44.8814,-93.02273,2
5252,I-494,EB,44.8814,-93.02273,3
5253,I-494,EB,44.8814,-93.02273,4
T4062,I-494,EB,44.88152,-93.02247,1
T4063,I-494,EB,44.88152,-93.02247,2
T4064,I-494,EB,44.88152,-93.02247,3
T4065,I-494,EB,44.88152,-93.02247,4
5254,I-494,EB,44.88212,-93.02002,0
5255,I-494,EB,44.88345,-93.0121,0
T4054,I-494,EB,44.88359,-93.01119,1
T4055,I-494,EB,44.88359,-93.01119,2
T4056,I-494,EB,44.88359,-93.01119,3
T4057,I-494,EB,44.88359,-93.01119,4
5256,I-494,EB,44.88401,-93.00871,1
5257,I-494,EB,44.88401,-93.00871,2
5258,I-494,EB,44.88401,-93.00871,3
5259,I-494,EB,44.88401,-93.00871,4
5260,I-494,EB,44.88499,-93.00514,0
5261,I-494,EB,44.88636,-93.00306,0
5262,I-494,EB,44.88693,-93.00248,1
5263,I-494,EB,44.88693,-93.00248,2
5264,I-494,EB,44.88693,-93.00248,3
T4121,I-494,EB,44.88693,-93.00248,1
T4122,I-494,EB,44.88693,-93.00248,2
T4123,I-494,EB,44.88693,-93.00248,3
5265,I-494,EB,44.88744,-93.00204,0
5266,I-494,EB,44.88846,-93.00142,1
5267,I-494,EB,44.88846,-93.00142,2
5268,I-494,EB,44.88846,-93.00142,3
T4115,I-494,EB,44.88846,-93.00142,1
T4116,I-494,EB,44.88846,-93.00142,2
T4117,I-494,EB,44.88846,-93.00142,3
5269,I-494,EB,44.88927,-93.00089,0
T4109,I-494,EB,44.89621,-92.99696,1
T4110,I-494,EB,44.89621,-92.99696,2
T4111,I-494,EB,44.89621,-92.99696,3
5271,I-494,EB,44.90497,-92.99096,1
5272,I-494,EB,44.90497,-92.99096,2
5273,I-494,EB,44.90497,-92.99096,3
5274,I-494,EB,44.91164,-92.98392,0
5281,I-494,EB,44.91313,-92.98226,1
5282,I-494,EB,44.91313,-92.98226,2
6966,I-494,EB,44.91313,-92.98226,3
5283,I-494,EB,44.91548,-92.9796,0
5745,I-494,EB,44.92375,-92.97076,0
5747,I-494,EB,44.92444,-92.97004,1
5748,I-494,EB,44.92444,-92.97004,2
6968,I-494,EB,44.92444,-92.97004,3
5753,I-494,EB,44.92736,-92.9669,1
5754,I-494,EB,44.92736,-92.9669,2
6970,I-494,EB,44.92736,-92.9669,3
5749,I-494,EB,44.92861,-92.96551,0
5750,I-494,EB,44.92861,-92.96551,0
T4090,I-494,EB,44.93293,-92.96206,0
5208,I-494,EB,44.93779,-92.95997,0
5755,I-494,EB,44.94001,-92.95945,1
5756,I-494,EB,44.94001,-92.95945,2
6972,I-494,EB,44.94001,-92.95945,3
5209,I-494,EB,44.94031,-92.95942,0
5094,I-494,EB,44.94747,-92.95875,1
5095,I-494,EB,44.94747,-92.95875,2
5099,I-494,EB,44.94747,-92.95875,3
5050,I-494,EB,44.94807,-92.95871,0
1222,I-494,NB,44.86378,-93.42766,0
1244,I-494,NB,44.86378,-93.42766,0
3582,I-494,NB,44.86378,-93.42766,0
4714,I-494,NB,44.86378,-93.42766,0
1224,I-494,NB,44.86651,-93.43115,1
1225,I-494,NB,44.86651,-93.43115,2
6298,I-494,NB,44.86651,-93.43115,3
1226,I-494,NB,44.8682,-93.43225,0
3584,I-494,NB,44.8682,-93.43225,0
4715,I-494,NB,44.8682,-93.43225,0
1228,I-494,NB,44.87072,-93.43333,1
1229,I-494,NB,44.87072,-93.43333,2
1230,I-494,NB,44.87072,-93.43333,3
1227,I-494,NB,44.87166,-93.43376,0
1253,I-494,NB,44.87166,-93.43376,0
2926,I-494,NB,44.87166,-93.43376,0
4716,I-494,NB,44.87166,-93.43376,0
1231,I-494,NB,44.87663,-93.43614,1
1232,I-494,NB,44.87663,-93.43614,2
5666,I-494,NB,44.87663,-93.43614,3
1233,I-494,NB,44.88866,-93.44294,0
1234,I-494,NB,44.89016,-93.44318,1
1235,I-494,NB,44.89016,-93.44318,2
5667,I-494,NB,44.89016,-93.44318,3
1236,I-494,NB,44.89455,-93.44388,0
1239,I-494,NB,44.89455,-93.44388,0
1240,I-494,NB,44.89455,-93.44388,0
4717,I-494,NB,44.89455,-93.44388,0
1237,I-494,NB,44.90596,-93.44837,1
1238,I-494,NB,44.90596,-93.44837,2
5668,I-494,NB,44.90596,-93.44837,3
1840,I-494,NB,44.91482,-93.44948,1
1841,I-494,NB,44.91482,-93.44948,2
5669,I-494,NB,44.91482,-93.44948,3
1842,I-494,NB,44.92115,-93.45092,0
1843,I-494,NB,44.92424,-93.45128,1
1844,I-494,NB,44.92424,-93.45128,2
5670,I-494,NB,44.92424,-93.45128,3
1845,I-494,NB,44.92452,-93.45131,0
3593,I-494,NB,44.92452,-93.45131,0
4718,I-494,NB,44.92452,-93.45131,0
1846,I-494,NB,44.92539,-93.45146,0
1847,I-494,NB,44.92838,-93.45195,0
3588,I-494,NB,44.92838,-93.45195,0
4719,I-494,NB,44.92838,-93.45195,0
1848,I-494,NB,44.93501,-93.45577,1
1849,I-494,NB,44.93501,-93.45577,2
5671,I-494,NB,44.93501,-93.45577,3
1850,I-494,NB,44.94137,-93.45638,0
1851,I-494,NB,44.943,-93.45634,1
1852,I-494,NB,44.943,-93.45634,2
5672,I-494,NB,44.943,-93.45634,3
1839,I-494,NB,44.94437,-93.45656,0
1853,I-494,NB,44.94437,-93.45656,0
3589,I-494,NB,44.94437,-93.45656,0
4720,I-494,NB,44.94437,-93.45656,0
1854,I-494,NB,44.95349,-93.45934,1
1855,I-494,NB,44.95349,-93.45934,2
5673,I-494,NB,44.95349,-93.45934,3
1856,I-494,NB,44.96283,-93.46002,1
1857,I-494,NB,44.96283,-93.46002,2
5674,I-494,NB,44.96283,-93.46002,3
1858,I-494,NB,44.96956,-93.46038,1
1859,I-494,NB,44.96956,-93.46038,2
5675,I-494,NB,44.96956,-93.46038,3
1860,I-494,NB,44.9706,-93.46037,0
3590,I-494,NB,44.9706,-93.46037,0
4721,I-494,NB,44.9706,-93.46037,0
5319,I-494,NB,44.9706,-93.46037,0
1861,I-494,NB,44.97352,-93.46023,1
1862,I-494,NB,44.97352,-93.46023,2
5676,I-494,NB,44.97352,-93.46023,3
1863,I-494,NB,44.97419,-93.46019,0
3592,I-494,NB,44.97419,-93.46019,1
4722,I-494,NB,44.97419,-93.46019,0
5300,I-494,NB,44.97419,-93.46019,2
2912,I-494,NB,44.98002,-93.4599,0
2913,I-494,NB,44.98097,-93.45985,1
2914,I-494,NB,44.98097,-93.45985,2
2915,I-494,NB,44.98097,-93.45985,3
2918,I-494,NB,44.98664,-93.45958,0
3594,I-494,NB,44.98664,-93.45958,0
4723,I-494,NB,44.98664,-93.45958,0
7598,I-494,NB,44.99134,-93.4588,1
7599,I-494,NB,44.99134,-93.4588,2
7600,I-494,NB,44.99134,-93.4588,3
2919,I-494,NB,44.99474,-93.45832,0
2923,I-494,NB,44.9977,-93.45788,1
2924,I-494,NB,44.9977,-93.45788,2
2925,I-494,NB,44.9977,-93.45788,3
2927,I-494,NB,44.99901,-93.45764,0
3595,I-494,NB,44.99901,-93.45764,0
4724,I-494,NB,44.99901,-93.45764,0
2928,I-494,NB,45.00562,-93.45711,1
2929,I-494,NB,45.00562,-93.45711,2
2930,I-494,NB,45.00562,-93.45711,3
7882,I-494,NB,45.00562,-93.45711,4
2931,I-494,NB,45.00731,-93.45713,0
2932,I-494,NB,45.01136,-93.45713,1
2933,I-494,NB,45.01136,-93.45713,2
7630,I-494,NB,45.01136,-93.45713,3
2909,I-494,NB,45.01375,-93.4571,0
2934,I-494,NB,45.01375,-93.4571,0
3596,I-494,NB,45.01375,-93.4571,0
4725,I-494,NB,45.01375,-93.4571,0
7604,I-494,NB,45.02049,-93.45478,1
7605,I-494,NB,45.02049,-93.45478,2
7606,I-494,NB,45.02049,-93.45478,3
2935,I-494,NB,45.02555,-93.45306,0
2936,I-494,NB,45.02679,-93.45274,1
2937,I-494,NB,45.02679,-93.45274,2
7610,I-494,NB,45.02679,-93.45274,3
2938,I-494,NB,45.03066,-93.45244,0
3597,I-494,NB,45.03066,-93.45244,0
4726,I-494,NB,45.03066,-93.45244,0
2939,I-494,NB,45.03345,-93.45247,1
2940,I-494,NB,45.03345,-93.45247,2
7612,I-494,NB,45.03345,-93.45247,3
2941,I-494,NB,45.04161,-93.4526,1
2942,I-494,NB,45.04161,-93.4526,2
7614,I-494,NB,45.04161,-93.4526,3
2943,I-494,NB,45.05176,-93.45179,1
2944,I-494,NB,45.05176,-93.45179,2
7616,I-494,NB,45.05176,-93.45179,3
2945,I-494,NB,45.05773,-93.45101,1
2946,I-494,NB,45.05773,-93.45101,2
7618,I-494,NB,45.05773,-93.45101,3
7620,I-494,NB,45.06325,-93.44902,1
7621,I-494,NB,45.06325,-93.44902,2
7622,I-494,NB,45.06325,-93.44902,3
2947,I-494,NB,45.0641,-93.44869,0
2948,I-494,NB,45.0688,-93.44691,1
2949,I-494,NB,45.0688,-93.44691,2
7626,I-494,NB,45.0688,-93.44691,3
2950,I-494,NB,45.06896,-93.44685,0
2951,I-494,NB,45.06896,-93.44685,0
2959,I-494,NB,45.06896,-93.44685,0
4727,I-494,NB,45.06896,-93.44685,0
2952,I-494,NB,45.07699,-93.4462,1
2953,I-494,NB,45.07699,-93.4462,2
7628,I-494,NB,45.07699,-93.4462,3
2954,I-494,NB,45.08223,-93.44678,1
2955,I-494,NB,45.08223,-93.44678,2
2956,I-494,NB,45.08223,-93.44678,3
915,I-494,NB,45.09091,-93.44619,1
916,I-494,NB,45.09091,-93.44619,2
1188,I-494,SB,44.87065,-93.43364,1
1189,I-494,SB,44.87065,-93.43364,2
1190,I-494,SB,44.87065,-93.43364,3
1191,I-494,SB,44.87188,-93.43418,0
1186,I-494,SB,44.87655,-93.43643,1
1187,I-494,SB,44.87655,-93.43643,2
5692,I-494,SB,44.87655,-93.43643,3
1185,I-494,SB,44.88874,-93.44328,0
3585,I-494,SB,44.88874,-93.44328,0
4681,I-494,SB,44.88874,-93.44328,0
1183,I-494,SB,44.8901,-93.44348,1
1184,I-494,SB,44.8901,-93.44348,2
5691,I-494,SB,44.8901,-93.44348,3
1182,I-494,SB,44.89366,-93.44405,1
5693,I-494,SB,44.89366,-93.44405,2
1180,I-494,SB,44.90593,-93.44867,1
1181,I-494,SB,44.90593,-93.44867,2
5690,I-494,SB,44.90593,-93.44867,3
1888,I-494,SB,44.91478,-93.44978,1
1889,I-494,SB,44.91478,-93.44978,2
5689,I-494,SB,44.91478,-93.44978,3
1887,I-494,SB,44.92162,-93.4513,0
3587,I-494,SB,44.92162,-93.4513,0
4680,I-494,SB,44.92162,-93.4513,0
1886,I-494,SB,44.92411,-93.45161,0
1885,I-494,SB,44.92534,-93.45176,0
3586,I-494,SB,44.92534,-93.45176,0
4679,I-494,SB,44.92534,-93.45176,0
1883,I-494,SB,44.9257,-93.4518,1
1884,I-494,SB,44.9257,-93.4518,2
5688,I-494,SB,44.9257,-93.4518,3
1882,I-494,SB,44.92852,-93.45229,0
1880,I-494,SB,44.93492,-93.45605,1
1881,I-494,SB,44.93492,-93.45605,2
5687,I-494,SB,44.93492,-93.45605,3
1865,I-494,SB,44.94126,-93.45672,0
1879,I-494,SB,44.94126,-93.45672,0
4678,I-494,SB,44.94126,-93.45672,0
1877,I-494,SB,44.94299,-93.45664,1
1878,I-494,SB,44.94299,-93.45664,2
5686,I-494,SB,44.94299,-93.45664,3
1876,I-494,SB,44.9444,-93.45688,0
1874,I-494,SB,44.95348,-93.45965,1
1875,I-494,SB,44.95348,-93.45965,2
5685,I-494,SB,44.95348,-93.45965,3
1872,I-494,SB,44.9628,-93.46035,1
1873,I-494,SB,44.9628,-93.46035,2
5684,I-494,SB,44.9628,-93.46035,3
1871,I-494,SB,44.96817,-93.46066,0
3591,I-494,SB,44.96817,-93.46066,1
4677,I-494,SB,44.96817,-93.46066,0
5305,I-494,SB,44.96817,-93.46066,2
1869,I-494,SB,44.96956,-93.46069,1
1870,I-494,SB,44.96956,-93.46069,2
5683,I-494,SB,44.96956,-93.46069,3
1864,I-494,SB,44.97175,-93.46062,0
1868,I-494,SB,44.97175,-93.46062,0
4676,I-494,SB,44.97175,-93.46062,0
1866,I-494,SB,44.97352,-93.46054,1
1867,I-494,SB,44.97352,-93.46054,2
5682,I-494,SB,44.97352,-93.46054,3
1815,I-494,SB,44.9741,-93.4605,0
2906,I-494,SB,44.97989,-93.46022,0
2911,I-494,SB,44.97989,-93.46022,0
4675,I-494,SB,44.97989,-93.46022,0
2904,I-494,SB,44.98097,-93.46015,1
2905,I-494,SB,44.98097,-93.46015,2
5681,I-494,SB,44.98097,-93.46015,3
2901,I-494,SB,44.98737,-93.45975,0
7601,I-494,SB,44.99132,-93.45916,1
7602,I-494,SB,44.99132,-93.45916,2
7603,I-494,SB,44.99132,-93.45916,3
2898,I-494,SB,44.99475,-93.45863,0
2910,I-494,SB,44.99475,-93.45863,0
4674,I-494,SB,44.99475,-93.45863,0
2892,I-494,SB,44.99729,-93.45824,1
2893,I-494,SB,44.99729,-93.45824,2
2894,I-494,SB,44.99729,-93.45824,3
2891,I-494,SB,44.999,-93.45794,0
2888,I-494,SB,45.00561,-93.45742,2
2889,I-494,SB,45.00561,-93.45742,3
2890,I-494,SB,45.00561,-93.45742,4
7654,I-494,SB,45.00561,-93.45742,1
2887,I-494,SB,45.00822,-93.45743,0
2899,I-494,SB,45.00822,-93.45743,0
2908,I-494,SB,45.00822,-93.45743,0
4673,I-494,SB,45.00822,-93.45743,0
2885,I-494,SB,45.01139,-93.45744,1
2886,I-494,SB,45.01139,-93.45744,2
7631,I-494,SB,45.01139,-93.45744,3
2884,I-494,SB,45.01403,-93.45738,0
7607,I-494,SB,45.02054,-93.45508,1
7608,I-494,SB,45.02054,-93.45508,2
7609,I-494,SB,45.02054,-93.45508,3
2883,I-494,SB,45.02596,-93.45326,0
2907,I-494,SB,45.02596,-93.45326,0
4672,I-494,SB,45.02596,-93.45326,0
2881,I-494,SB,45.02681,-93.45305,1
2882,I-494,SB,45.02681,-93.45305,2
7611,I-494,SB,45.02681,-93.45305,3
2880,I-494,SB,45.03093,-93.45276,0
2878,I-494,SB,45.03342,-93.45279,1
2879,I-494,SB,45.03342,-93.45279,2
7613,I-494,SB,45.03342,-93.45279,3
2876,I-494,SB,45.04161,-93.45292,1
2877,I-494,SB,45.04161,-93.45292,2
7615,I-494,SB,45.04161,-93.45292,3
2874,I-494,SB,45.0518,-93.4521,1
2875,I-494,SB,45.0518,-93.4521,2
7617,I-494,SB,45.0518,-93.4521,3
2872,I-494,SB,45.05778,-93.45133,1
2873,I-494,SB,45.05778,-93.45133,2
7619,I-494,SB,45.05778,-93.45133,3
T4003,I-494,SB,45.05891,-93.45088,1
7623,I-494,SB,45.0633,-93.4493,2
7624,I-494,SB,45.0633,-93.4493,3
7625,I-494,SB,45.0633,-93.4493,4
7655,I-494,SB,45.0633,-93.4493,1
2870,I-494,SB,45.06493,-93.44869,0
2871,I-494,SB,45.06493,-93.44869,0
2957,I-494,SB,45.06493,-93.44869,0
4671,I-494,SB,45.06493,-93.44869,0
2866,I-494,SB,45.06888,-93.4472,1
2867,I-494,SB,45.06888,-93.4472,2
7627,I-494,SB,45.06888,-93.4472,3
2865,I-494,SB,45.0701,-93.44674,0
2863,I-494,SB,45.07699,-93.4465,2
2864,I-494,SB,45.07699,-93.4465,3
7629,I-494,SB,45.07699,-93.4465,4
7656,I-494,SB,45.07699,-93.4465,1
2860,I-494,SB,45.08522,-93.44735,2
2861,I-494,SB,45.08522,-93.44735,3
2862,I-494,SB,45.08522,-93.44735,4
7657,I-494,SB,45.08522,-93.44735,1
913,I-494,SB,45.09166,-93.44799,1
914,I-494,SB,45.09166,-93.44799,2
3117,I-494,WB,44.85832,-93.33287,1
3118,I-494,WB,44.85832,-93.33287,2
4709,I-494,WB,44.85832,-93.33287,0
896,I-494,WB,44.85832,-93.33287,0
5193,I-494,WB,44.85848,-93.34233,1
831,I-494,WB,44.85848,-93.34233,2
832,I-494,WB,44.85848,-93.34233,3
833,I-494,WB,44.85848,-93.34233,4
9527,I-494,WB,44.85848,-93.34233,5
9530,I-494,WB,44.85864,-93.33036,1
9531,I-494,WB,44.85864,-93.33036,2
9532,I-494,WB,44.85864,-93.33036,3
9533,I-494,WB,44.85864,-93.33036,4
9534,I-494,WB,44.85864,-93.33036,5
9535,I-494,WB,44.85864,-93.33036,6
818,I-494,WB,44.85879,-93.34643,0
9524,I-494,WB,44.85879,-93.34643,0
9525,I-494,WB,44.85879,-93.34643,0
3116,I-494,WB,44.85896,-93.3291,0
4708,I-494,WB,44.85896,-93.3291,0
5315,I-494,WB,44.85896,-93.3291,2
829,I-494,WB,44.85896,-93.3291,0
3119,I-494,WB,44.85898,-93.34939,0
4710,I-494,WB,44.85898,-93.34939,0
817,I-494,WB,44.85898,-93.34939,0
807,I-494,WB,44.85906,-93.35101,0
7529,I-494,WB,44.85917,-93.32824,1
826,I-494,WB,44.85917,-93.32824,2
827,I-494,WB,44.85917,-93.32824,3
828,I-494,WB,44.85917,-93.32824,4
5185,I-494,WB,44.8592,-93.3537,1
5186,I-494,WB,44.8592,-93.3537,2
5187,I-494,WB,44.8592,-93.3537,3
9522,I-494,WB,44.8592,-93.3537,4
9523,I-494,WB,44.8592,-93.3537,5
3120,I-494,WB,44.85921,-93.35398,0
4711,I-494,WB,44.85921,-93.35398,0
806,I-494,WB,44.85921,-93.35398,0
4154,I-494,WB,44.85933,-93.40792,1
4155,I-494,WB,44.85933,-93.40792,2
4156,I-494,WB,44.85933,-93.40792,3
4157,I-494,WB,44.85933,-93.40792,4
7109,I-494,WB,44.85935,-93.40323,0
1214,I-494,WB,44.85935,-93.39967,1
1215,I-494,WB,44.85935,-93.39967,2
4072,I-494,WB,44.85935,-93.39967,3
4153,I-494,WB,44.85935,-93.39967,4
814,I-494,WB,44.85944,-93.35856,0
3327,I-494,WB,44.85951,-93.39421,0
3953,I-494,WB,44.85951,-93.39421,0
3954,I-494,WB,44.85951,-93.39421,0
4712,I-494,WB,44.85951,-93.39421,0
7716,I-494,WB,44.8596,-93.38927,1
7717,I-494,WB,44.8596,-93.38927,2
7718,I-494,WB,44.8596,-93.38927,3
1219,I-494,WB,44.85962,-93.41604,0
5188,I-494,WB,44.85964,-93.36142,3
5189,I-494,WB,44.85964,-93.36142,4
801,I-494,WB,44.85964,-93.36142,1
802,I-494,WB,44.85964,-93.36142,2
9515,I-494,WB,44.85964,-93.36142,5
4982,I-494,WB,44.85973,-93.36338,0
4983,I-494,WB,44.85973,-93.36338,0
1220,I-494,WB,44.85981,-93.41716,0
1217,I-494,WB,44.85986,-93.41741,1
1218,I-494,WB,44.85986,-93.41741,2
4158,I-494,WB,44.85986,-93.41741,3
830,I-494,WB,44.85998,-93.3254,0
3955,I-494,WB,44.86005,-93.38474,0
7106,I-494,WB,44.86005,-93.38474,1
7107,I-494,WB,44.86005,-93.38474,2
1211,I-494,WB,44.86017,-93.38323,1
1212,I-494,WB,44.86017,-93.38323,2
4070,I-494,WB,44.86017,-93.38323,3
4071,I-494,WB,44.86017,-93.38323,4
1209,I-494,WB,44.86024,-93.37268,1
1210,I-494,WB,44.86024,-93.37268,2
4068,I-494,WB,44.86024,-93.37268,3
4069,I-494,WB,44.86024,-93.37268,4
5804,I-494,WB,44.86091,-93.10517,1
5805,I-494,WB,44.86091,-93.10517,2
5806,I-494,WB,44.86091,-93.10517,3
5816,I-494,WB,44.86127,-93.1676,0
5817,I-494,WB,44.86127,-93.16525,1
5818,I-494,WB,44.86127,-93.16525,2
5819,I-494,WB,44.86127,-93.16525,3
5815,I-494,WB,44.8613,-93.16027,0
5820,I-494,WB,44.86134,-93.17822,1
5821,I-494,WB,44.86134,-93.17822,2
5822,I-494,WB,44.86134,-93.17822,3
7530,I-494,WB,44.86148,-93.31841,1
843,I-494,WB,44.86148,-93.31841,2
844,I-494,WB,44.86148,-93.31841,3
845,I-494,WB,44.86148,-93.31841,4
9538,I-494,WB,44.86148,-93.31841,5
9539,I-494,WB,44.86148,-93.31841,6
T9643,I-494,WB,44.86148,-93.31841,1
T9644,I-494,WB,44.86148,-93.31841,2
T9645,I-494,WB,44.86148,-93.31841,3
T9646,I-494,WB,44.86148,-93.31841,4
T9630,I-494,WB,44.8615,-93.15314,1
T9631,I-494,WB,44.8615,-93.15314,2
T9632,I-494,WB,44.8615,-93.15314,3
882,I-494,WB,44.86166,-93.27524,0
5801,I-494,WB,44.86183,-93.09343,1
5802,I-494,WB,44.86183,-93.09343,2
5803,I-494,WB,44.86183,-93.09343,3
878,I-494,WB,44.86184,-93.27788,1
879,I-494,WB,44.86184,-93.27788,2
880,I-494,WB,44.86184,-93.27788,3
3111,I-494,WB,44.86193,-93.28109,0
4704,I-494,WB,44.86193,-93.28109,0
881,I-494,WB,44.86193,-93.28109,0
3115,I-494,WB,44.86195,-93.31278,1
3121,I-494,WB,44.86195,-93.31278,2
3122,I-494,WB,44.86195,-93.31278,3
4707,I-494,WB,44.86195,-93.31278,0
857,I-494,WB,44.86195,-93.31278,0
9546,I-494,WB,44.86198,-93.29653,1
9547,I-494,WB,44.86198,-93.29653,2
9548,I-494,WB,44.86198,-93.29653,3
9549,I-494,WB,44.86198,-93.29653,4
872,I-494,WB,44.862,-93.28607,0
162,I-494,WB,44.86202,-93.29727,0
868,I-494,WB,44.86202,-93.28817,1
869,I-494,WB,44.86202,-93.28817,2
870,I-494,WB,44.86202,-93.28817,3
465,I-494,WB,44.86203,-93.30023,2
466,I-494,WB,44.86203,-93.30023,3
467,I-494,WB,44.86203,-93.30023,4
7532,I-494,WB,44.86203,-93.30023,1
7531,I-494,WB,44.86204,-93.30975,1
854,I-494,WB,44.86204,-93.30975,2
855,I-494,WB,44.86204,-93.30975,3
856,I-494,WB,44.86204,-93.30975,4
3113,I-494,WB,44.86204,-93.30151,1
3114,I-494,WB,44.86204,-93.30151,2
4706,I-494,WB,44.86204,-93.30151,0
867,I-494,WB,44.86204,-93.30151,0
3112,I-494,WB,44.86204,-93.29075,0
4705,I-494,WB,44.86204,-93.29075,0
6760,I-494,WB,44.86204,-93.29075,2
6761,I-494,WB,44.86204,-93.29075,3
871,I-494,WB,44.86204,-93.29075,0
858,I-494,WB,44.86205,-93.30583,0
3110,I-494,WB,44.86207,-93.27072,0
4703,I-494,WB,44.86207,-93.27072,0
894,I-494,WB,44.86207,-93.27072,0
1620,I-494,WB,44.86222,-93.25171,0
3108,I-494,WB,44.86222,-93.25171,1
3109,I-494,WB,44.86222,-93.25171,0
4702,I-494,WB,44.86222,-93.25171,0
7347,I-494,WB,44.86224,-93.24927,1
7348,I-494,WB,44.86224,-93.24927,2
7349,I-494,WB,44.86224,-93.24927,3
7533,I-494,WB,44.86224,-93.24927,1
7534,I-494,WB,44.86224,-93.24927,2
7535,I-494,WB,44.86224,-93.24927,3
888,I-494,WB,44.86225,-93.26505,1
889,I-494,WB,44.86225,-93.26505,2
890,I-494,WB,44.86225,-93.26505,3
9552,I-494,WB,44.86225,-93.26457,0
1609,I-494,WB,44.86226,-93.24067,1
1610,I-494,WB,44.86226,-93.24067,2
1611,I-494,WB,44.86226,-93.24067,3
1613,I-494,WB,44.86226,-93.23086,0
1608,I-494,WB,44.86226,-93.22979,0
1603,I-494,WB,44.86226,-93.22903,1
1604,I-494,WB,44.86226,-93.22903,2
1605,I-494,WB,44.86226,-93.22903,3
1606,I-494,WB,44.86226,-93.22903,4
1607,I-494,WB,44.86226,-93.22903,5
T1603,I-494,WB,44.86226,-93.22903,1
T1604,I-494,WB,44.86226,-93.22903,2
T1605,I-494,WB,44.86226,-93.22903,3
T1606,I-494,WB,44.86226,-93.22903,4
T1607,I-494,WB,44.86226,-93.22903,5
1618,I-494,WB,44.86227,-93.24646,0
1619,I-494,WB,44.86227,-93.24646,0
3107,I-494,WB,44.86227,-93.24646,0
4701,I-494,WB,44.86227,-93.24646,0
1602,I-494,WB,44.86227,-93.22718,0
3101,I-494,WB,44.86227,-93.22718,1
3102,I-494,WB,44.86227,-93.22718,2
4699,I-494,WB,44.86227,-93.22718,0
1246,I-494,WB,44.86228,-93.2567,1
1247,I-494,WB,44.86228,-93.2567,2
1248,I-494,WB,44.86228,-93.2567,3
1249,I-494,WB,44.86228,-93.2567,4
7544,I-494,WB,44.86228,-93.2567,1
7545,I-494,WB,44.86228,-93.2567,2
7546,I-494,WB,44.86228,-93.2567,3
7547,I-494,WB,44.86228,-93.2567,4
1612,I-494,WB,44.86228,-93.24273,0
1614,I-494,WB,44.86228,-93.24273,0
3103,I-494,WB,44.86228,-93.24273,1
3104,I-494,WB,44.86228,-93.24273,2
4700,I-494,WB,44.86228,-93.24273,0
998,I-494,WB,44.8623,-93.2542,0
1600,I-494,WB,44.8626,-93.21569,1
1601,I-494,WB,44.8626,-93.21569,2
5807,I-494,WB,44.86268,-93.11618,1
5808,I-494,WB,44.86268,-93.11618,2
5809,I-494,WB,44.86268,-93.11618,3
T9633,I-494,WB,44.86272,-93.13114,1
T9634,I-494,WB,44.86272,-93.13114,2
T9635,I-494,WB,44.86272,-93.13114,3
T9636,I-494,WB,44.86272,-93.13114,4
5810,I-494,WB,44.86272,-93.11991,0
5812,I-494,WB,44.86278,-93.12569,1
5813,I-494,WB,44.86278,-93.12569,2
5814,I-494,WB,44.86278,-93.12569,3
5811,I-494,WB,44.86281,-93.12921,0
1597,I-494,WB,44.86282,-93.21255,1
1598,I-494,WB,44.86282,-93.21255,2
1599,I-494,WB,44.86282,-93.21255,3
3487,I-494,WB,44.86291,-93.14131,1
3488,I-494,WB,44.86291,-93.14131,2
3489,I-494,WB,44.86291,-93.14131,3
5796,I-494,WB,44.87017,-93.08351,0
5797,I-494,WB,44.87172,-93.08196,1
5798,I-494,WB,44.87172,-93.08196,2
5799,I-494,WB,44.87172,-93.08196,3
5790,I-494,WB,44.87452,-93.07862,0
5784,I-494,WB,44.87459,-93.03616,0
5785,I-494,WB,44.87466,-93.04336,2
5786,I-494,WB,44.87466,-93.04336,3
5787,I-494,WB,44.87466,-93.04336,4
7885,I-494,WB,44.87466,-93.04336,1
5788,I-494,WB,44.87474,-93.0452,0
5779,I-494,WB,44.8748,-93.03467,3
5780,I-494,WB,44.8748,-93.03467,4
5781,I-494,WB,44.8748,-93.03467,5
7883,I-494,WB,44.8748,-93.03467,1
7884,I-494,WB,44.8748,-93.03467,2
T4092,I-494,WB,44.87481,-93.05006,1
T4093,I-494,WB,44.87481,-93.05006,2
T4094,I-494,WB,44.87481,-93.05006,3
T4095,I-494,WB,44.87481,-93.05006,4
T4100,I-494,WB,44.87492,-93.06324,1
T4101,I-494,WB,44.87492,-93.06324,2
T4102,I-494,WB,44.87492,-93.06324,3
6171,I-494,WB,44.87493,-93.0582,1
6172,I-494,WB,44.87493,-93.0582,2
6173,I-494,WB,44.87493,-93.0582,3
5782,I-494,WB,44.87508,-93.0337,0
5792,I-494,WB,44.87515,-93.07027,0
5793,I-494,WB,44.87537,-93.07371,1
5794,I-494,WB,44.87537,-93.07371,2
5795,I-494,WB,44.87537,-93.07371,3
5778,I-494,WB,44.87604,-93.03108,0
T4066,I-494,WB,44.87681,-93.02982,1
T4067,I-494,WB,44.87681,-93.02982,2
T4068,I-494,WB,44.87681,-93.02982,3
5245,I-494,WB,44.88057,-93.02456,0
T4058,I-494,WB,44.88163,-93.02257,1
T4059,I-494,WB,44.88163,-93.02257,2
T4060,I-494,WB,44.88163,-93.02257,3
T4061,I-494,WB,44.88163,-93.02257,4
5241,I-494,WB,44.88183,-93.02191,1
5242,I-494,WB,44.88183,-93.02191,2
5243,I-494,WB,44.88183,-93.02191,3
5244,I-494,WB,44.88183,-93.02191,4
5236,I-494,WB,44.88239,-93.01927,0
5235,I-494,WB,44.88359,-93.01214,0
T4050,I-494,WB,44.88373,-93.01123,1
T4051,I-494,WB,44.88373,-93.01123,2
T4052,I-494,WB,44.88373,-93.01123,3
T4053,I-494,WB,44.88373,-93.01123,4
5231,I-494,WB,44.88412,-93.00876,1
5232,I-494,WB,44.88412,-93.00876,2
5233,I-494,WB,44.88412,-93.00876,3
5234,I-494,WB,44.88412,-93.00876,4
5228,I-494,WB,44.88512,-93.00518,0
5221,I-494,WB,44.88568,-93.00422,0
5222,I-494,WB,44.88623,-93.00352,1
5223,I-494,WB,44.88623,-93.00352,2
5224,I-494,WB,44.88623,-93.00352,3
T4118,I-494,WB,44.88706,-93.00266,1
T4119,I-494,WB,44.88706,-93.00266,2
T4120,I-494,WB,44.88706,-93.00266,3
5218,I-494,WB,44.88934,-93.0011,1
5219,I-494,WB,44.88934,-93.0011,2
5220,I-494,WB,44.88934,-93.0011,3
T4112,I-494,WB,44.88934,-93.0011,1
T4113,I-494,WB,44.88934,-93.0011,2
T4114,I-494,WB,44.88934,-93.0011,3
5217,I-494,WB,44.89018,-93.00057,0
T4106,I-494,WB,44.89626,-92.99715,1
T4107,I-494,WB,44.89626,-92.99715,2
T4108,I-494,WB,44.89626,-92.99715,3
5214,I-494,WB,44.90526,-92.99155,1
5215,I-494,WB,44.90526,-92.99155,2
5216,I-494,WB,44.90526,-92.99155,3
5213,I-494,WB,44.91239,-92.98378,0
5211,I-494,WB,44.91439,-92.98147,1
5212,I-494,WB,44.91439,-92.98147,2
6965,I-494,WB,44.91439,-92.98147,3
5210,I-494,WB,44.91615,-92.97954,0
5773,I-494,WB,44.92362,-92.97135,0
5774,I-494,WB,44.92362,-92.97135,0
5775,I-494,WB,44.92441,-92.97049,1
5776,I-494,WB,44.92441,-92.97049,2
5777,I-494,WB,44.92441,-92.97049,3
6967,I-494,WB,44.92441,-92.97049,4
5772,I-494,WB,44.92605,-92.9687,0
5770,I-494,WB,44.92765,-92.96695,1
5771,I-494,WB,44.92765,-92.96695,2
6969,I-494,WB,44.92765,-92.96695,3
5769,I-494,WB,44.92835,-92.9662,0
5207,I-494,WB,44.93731,-92.96047,0
5767,I-494,WB,44.93783,-92.96032,1
5768,I-494,WB,44.93783,-92.96032,2
6971,I-494,WB,44.93783,-92.96032,3
5206,I-494,WB,44.93992,-92.95983,0
5048,I-494,WB,44.94581,-92.95921,0
5092,I-494,WB,44.9475,-92.95914,1
5093,I-494,WB,44.9475,-92.95914,2
5098,I-494,WB,44.9475,-92.95914,3
5049,I-494,WB,44.94796,-92.95912,0
6196,I-694,EB,45.03205,-92.96622,0
6194,I-694,EB,45.03278,-92.97083,1
6195,I-694,EB,45.03278,-92.97083,2
6193,I-694,EB,45.03366,-92.98117,0
7071,I-694,EB,45.03366,-92.98117,0
7300,I-694,EB,45.03366,-92.98117,0
7539,I-694,EB,45.03391,-92.98381,1
7540,I-694,EB,45.03391,-92.98381,2
6191,I-694,EB,45.03392,-92.98388,1
6192,I-694,EB,45.03392,-92.98388,2
6190,I-694,EB,45.03469,-92.98918,0
5509,I-694,EB,45.03533,-93.08912,1
5510,I-694,EB,45.03533,-93.08912,2
5511,I-694,EB,45.03533,-93.08912,3
6188,I-694,EB,45.03599,-93.00085,1
6189,I-694,EB,45.03599,-93.00085,2
6184,I-694,EB,45.03709,-93.02254,0
6182,I-694,EB,45.03711,-93.02909,1
6183,I-694,EB,45.03711,-93.02909,2
6187,I-694,EB,45.03715,-93.01317,0
7069,I-694,EB,45.03715,-93.01317,1
7070,I-694,EB,45.03715,-93.01317,2
7299,I-694,EB,45.03715,-93.01317,0
6185,I-694,EB,45.03719,-93.01587,1
6186,I-694,EB,45.03719,-93.01587,2
6181,I-694,EB,45.03731,-93.03805,0
7067,I-694,EB,45.03731,-93.03805,1
7068,I-694,EB,45.03731,-93.03805,2
7298,I-694,EB,45.03731,-93.03805,0
5516,I-694,EB,45.03742,-93.04816,0
5517,I-694,EB,45.03744,-93.04539,1
5518,I-694,EB,45.03744,-93.04539,2
5519,I-694,EB,45.03744,-93.04539,3
5512,I-694,EB,45.03745,-93.05673,0
5513,I-694,EB,45.03748,-93.05951,1
5514,I-694,EB,45.03748,-93.05951,2
5515,I-694,EB,45.03748,-93.05951,3
5504,I-694,EB,45.04119,-93.0997,1
5505,I-694,EB,45.04119,-93.0997,2
5506,I-694,EB,45.04119,-93.0997,3
5507,I-694,EB,45.04119,-93.0997,4
5508,I-694,EB,45.04119,-93.0997,5
T6008,I-694,EB,45.04119,-93.0997,1
T6009,I-694,EB,45.04119,-93.0997,2
T6010,I-694,EB,45.04119,-93.0997,3
T6011,I-694,EB,45.04119,-93.0997,4
T6012,I-694,EB,45.04119,-93.0997,5
4925,I-694,EB,45.04264,-93.10239,0
7765,I-694,EB,45.04264,-93.10239,0
7779,I-694,EB,45.04402,-93.10479,1
7780,I-694,EB,45.04402,-93.10479,2
7781,I-694,EB,45.04402,-93.10479,3
7782,I-694,EB,45.04402,-93.10479,4
7766,I-694,EB,45.04657,-93.10923,0
7776,I-694,EB,45.04847,-93.11243,1
7777,I-694,EB,45.04847,-93.11243,2
7778,I-694,EB,45.04847,-93.11243,3
4279,I-694,EB,45.05244,-93.11873,1
4299,I-694,EB,45.05244,-93.11873,2
7775,I-694,EB,45.05244,-93.11873,3
T6015,I-694,EB,45.05244,-93.11873,1
T6016,I-694,EB,45.05244,-93.11873,2
4278,I-694,EB,45.05526,-93.12736,0
7767,I-694,EB,45.05526,-93.12736,0
4259,I-694,EB,45.05555,-93.1287,1
4260,I-694,EB,45.05555,-93.1287,2
7774,I-694,EB,45.05555,-93.1287,3
T6004,I-694,EB,45.05555,-93.1287,1
T6005,I-694,EB,45.05555,-93.1287,2
4258,I-694,EB,45.05667,-93.13391,0
4256,I-694,EB,45.05755,-93.13785,1
4257,I-694,EB,45.05755,-93.13785,2
7772,I-694,EB,45.05755,-93.13785,1
7773,I-694,EB,45.05755,-93.13785,3
T6002,I-694,EB,45.05755,-93.13785,1
T6003,I-694,EB,45.05755,-93.13785,2
4249,I-694,EB,45.05861,-93.14266,0
7768,I-694,EB,45.05861,-93.14266,0
7769,I-694,EB,45.05861,-93.14266,0
7770,I-694,EB,45.05861,-93.14266,0
4247,I-694,EB,45.05969,-93.14764,1
4248,I-694,EB,45.05969,-93.14764,2
7771,I-694,EB,45.05969,-93.14764,3
T6000,I-694,EB,45.05969,-93.14764,1
T6001,I-694,EB,45.05969,-93.14764,2
4238,I-694,EB,45.06037,-93.15099,0
4445,I-694,EB,45.06112,-93.15643,0
4228,I-694,EB,45.0618,-93.15811,1
4229,I-694,EB,45.0618,-93.15811,2
4206,I-694,EB,45.06324,-93.16053,1
4207,I-694,EB,45.06324,-93.16053,2
4220,I-694,EB,45.06324,-93.16053,3
755,I-694,EB,45.06442,-93.22168,0
747,I-694,EB,45.06444,-93.21797,1
748,I-694,EB,45.06444,-93.21797,2
749,I-694,EB,45.06444,-93.21797,3
3412,I-694,EB,45.06446,-93.21472,0
4824,I-694,EB,45.06446,-93.21472,0
756,I-694,EB,45.06446,-93.21472,0
757,I-694,EB,45.06452,-93.21,1
758,I-694,EB,45.06452,-93.21,2
759,I-694,EB,45.06452,-93.21,3
448,I-694,EB,45.06476,-93.20518,0
741,I-694,EB,45.06492,-93.22793,1
742,I-694,EB,45.06492,-93.22793,2
743,I-694,EB,45.06492,-93.22793,3
17,I-694,EB,45.06541,-93.20173,1
18,I-694,EB,45.06541,-93.20173,2
19,I-694,EB,45.06541,-93.20173,3
549,I-694,EB,45.06592,-93.2355,1
550,I-694,EB,45.06592,-93.2355,2
551,I-694,EB,45.06592,-93.2355,3
3413,I-694,EB,45.0661,-93.1986,0
4825,I-694,EB,45.0661,-93.1986,0
485,I-694,EB,45.0661,-93.1986,0
9433,I-694,EB,45.06617,-93.23743,1
9434,I-694,EB,45.06617,-93.23743,2
9435,I-694,EB,45.06617,-93.23743,3
4226,I-694,EB,45.06628,-93.1679,1
4227,I-694,EB,45.06628,-93.1679,2
428,I-694,EB,45.06654,-93.19495,1
429,I-694,EB,45.06654,-93.19495,2
430,I-694,EB,45.06654,-93.19495,3
4204,I-694,EB,45.06662,-93.17278,1
4205,I-694,EB,45.06662,-93.17278,2
3074,I-694,EB,45.06686,-93.24274,0
4823,I-694,EB,45.06686,-93.24274,0
592,I-694,EB,45.06686,-93.24274,0
9360,I-694,EB,45.06691,-93.24306,1
9361,I-694,EB,45.06691,-93.24306,2
9362,I-694,EB,45.06691,-93.24306,3
T3537,I-694,EB,45.06691,-93.18904,1
456,I-694,EB,45.06701,-93.18756,2
457,I-694,EB,45.06701,-93.18756,3
6295,I-694,EB,45.06701,-93.18756,1
3414,I-694,EB,45.06703,-93.18698,0
4826,I-694,EB,45.06703,-93.18698,0
738,I-694,EB,45.06703,-93.18698,0
542,I-694,EB,45.06704,-93.24403,1
543,I-694,EB,45.06704,-93.24403,2
544,I-694,EB,45.06704,-93.24403,3
3329,I-694,EB,45.06704,-93.18165,0
4827,I-694,EB,45.06704,-93.18165,0
866,I-694,EB,45.06704,-93.18165,0
864,I-694,EB,45.0671,-93.18298,1
865,I-694,EB,45.0671,-93.18298,2
9365,I-694,EB,45.06712,-93.1839,1
9366,I-694,EB,45.06712,-93.1839,2
3073,I-694,EB,45.06762,-93.2483,0
4822,I-694,EB,45.06762,-93.2483,0
586,I-694,EB,45.06762,-93.2483,0
538,I-694,EB,45.068,-93.25168,1
539,I-694,EB,45.068,-93.25168,2
540,I-694,EB,45.068,-93.25168,3
585,I-694,EB,45.06805,-93.25242,0
4821,I-694,EB,45.06854,-93.25898,0
584,I-694,EB,45.06854,-93.25898,0
581,I-694,EB,45.06859,-93.26716,0
3071,I-694,EB,45.06865,-93.26943,1
393,I-694,EB,45.06865,-93.26943,2
394,I-694,EB,45.06865,-93.26943,3
395,I-694,EB,45.06865,-93.26943,4
530,I-694,EB,45.06865,-93.26272,1
531,I-694,EB,45.06865,-93.26272,2
532,I-694,EB,45.06865,-93.26272,3
6569,I-694,EB,45.06865,-93.26272,4
4820,I-694,EB,45.06884,-93.27441,0
580,I-694,EB,45.06884,-93.27441,0
3070,I-694,EB,45.06899,-93.2772,1
526,I-694,EB,45.06899,-93.2772,2
527,I-694,EB,45.06899,-93.2772,3
528,I-694,EB,45.06899,-93.2772,4
529,I-694,EB,45.06899,-93.2772,5
9370,I-694,EB,45.06906,-93.27838,1
9371,I-694,EB,45.06906,-93.27838,2
9372,I-694,EB,45.06906,-93.27838,3
9373,I-694,EB,45.06906,-93.27838,4
9374,I-694,EB,45.06906,-93.27838,5
578,I-694,EB,45.06908,-93.27861,0
4819,I-694,EB,45.06928,-93.28321,0
576,I-694,EB,45.06928,-93.28321,0
439,I-694,EB,45.06933,-93.28429,1
440,I-694,EB,45.06933,-93.28429,2
441,I-694,EB,45.06933,-93.28429,3
442,I-694,EB,45.06933,-93.28429,4
574,I-694,EB,45.06937,-93.28516,0
3154,I-694,EB,45.06948,-93.29934,0
4816,I-694,EB,45.06948,-93.29934,0
671,I-694,EB,45.06948,-93.29934,0
681,I-694,EB,45.06948,-93.29336,3
682,I-694,EB,45.06948,-93.29336,4
9328,I-694,EB,45.06948,-93.29336,1
9329,I-694,EB,45.06948,-93.29336,2
4817,I-694,EB,45.06949,-93.29384,0
6502,I-694,EB,45.06949,-93.29384,1
6503,I-694,EB,45.06949,-93.29384,2
692,I-694,EB,45.06949,-93.29327,0
9327,I-694,EB,45.06949,-93.29327,0
4818,I-694,EB,45.06949,-93.28662,0
575,I-694,EB,45.06949,-93.28662,0
521,I-694,EB,45.06952,-93.28722,1
522,I-694,EB,45.06952,-93.28722,2
523,I-694,EB,45.06952,-93.28722,3
524,I-694,EB,45.06952,-93.28722,4
9353,I-694,EB,45.06954,-93.28836,1
9354,I-694,EB,45.06954,-93.28836,2
9355,I-694,EB,45.06954,-93.28836,3
9356,I-694,EB,45.06954,-93.28836,4
661,I-694,EB,45.07024,-93.30469,1
662,I-694,EB,45.07024,-93.30469,2
8856,I-694,EB,45.07101,-93.30754,1
8857,I-694,EB,45.07101,-93.30754,2
5121,I-694,NB,44.94913,-92.95872,0
5088,I-694,NB,44.95028,-92.95866,3
5096,I-694,NB,44.95028,-92.95866,1
5097,I-694,NB,44.95028,-92.95866,2
5120,I-694,NB,44.95238,-92.95853,0
6226,I-694,NB,44.95915,-92.95829,0
6227,I-694,NB,44.96133,-92.95825,1
6228,I-694,NB,44.96133,-92.95825,2
6229,I-694,NB,44.96292,-92.95826,0
6230,I-694,NB,44.96972,-92.95849,1
6231,I-694,NB,44.96972,-92.95849,2
6234,I-694,NB,44.97802,-92.95933,1
6235,I-694,NB,44.97802,-92.95933,2
6274,I-694,NB,44.98466,-92.96009,1
6276,I-694,NB,44.98466,-92.96009,2
6275,I-694,NB,44.98487,-92.96013,1
6277,I-694,NB,44.98487,-92.96013,2
6236,I-694,NB,44.98984,-92.9606,1
6237,I-694,NB,44.98984,-92.9606,2
6238,I-694,NB,44.99442,-92.95991,0
6240,I-694,NB,44.9992,-92.95874,1
6241,I-694,NB,44.9992,-92.95874,2
6239,I-694,NB,45.00026,-92.95851,0
7303,I-694,NB,45.00026,-92.95851,0
6242,I-694,NB,45.00958,-92.95797,1
6243,I-694,NB,45.00958,-92.95797,2
6244,I-694,NB,45.01973,-92.95911,1
6245,I-694,NB,45.01973,-92.95911,2
6246,I-694,NB,45.02772,-92.96033,0
5089,I-694,SB,44.94899,-92.95908,0
5090,I-694,SB,44.95028,-92.95903,1
5091,I-694,SB,44.95028,-92.95903,2
5113,I-694,SB,44.95028,-92.95903,3
6223,I-694,SB,44.96059,-92.95862,0
6224,I-694,SB,44.96193,-92.95861,1
6225,I-694,SB,44.96193,-92.95861,2
6222,I-694,SB,44.96631,-92.95864,0
6220,I-694,SB,44.96982,-92.95886,1
6221,I-694,SB,44.96982,-92.95886,2
6216,I-694,SB,44.97816,-92.95972,1
6217,I-694,SB,44.97816,-92.95972,2
6271,I-694,SB,44.98521,-92.96053,1
6273,I-694,SB,44.98521,-92.96053,2
6270,I-694,SB,44.98562,-92.96058,1
6272,I-694,SB,44.98562,-92.96058,2
6214,I-694,SB,44.98985,-92.96092,1
6215,I-694,SB,44.98985,-92.96092,2
6213,I-694,SB,44.99457,-92.96023,0
6211,I-694,SB,44.99892,-92.9592,1
6212,I-694,SB,44.99892,-92.9592,2
6210,I-694,SB,45.00049,-92.95893,0
6208,I-694,SB,45.00957,-92.95826,1
6209,I-694,SB,45.00957,-92.95826,2
6206,I-694,SB,45.02034,-92.95951,1
6207,I-694,SB,45.02034,-92.95951,2
6199,I-694,SB,45.02737,-92.96065,0
7073,I-694,SB,45.02737,-92.96065,0
7302,I-694,SB,45.02737,-92.96065,0
6200,I-694,SB,45.02826,-92.96111,1
6201,I-694,SB,45.02826,-92.96111,2
6198,I-694,SB,45.0293,-92.96185,0
6197,I-694,SB,45.03044,-92.96325,0
7072,I-694,SB,45.03044,-92.96325,0
7301,I-694,SB,45.03044,-92.96325,0
6247,I-694,WB,45.02862,-92.96091,1
6248,I-694,WB,45.02862,-92.96091,2
6249,I-694,WB,45.02917,-92.96128,0
7304,I-694,WB,45.02917,-92.96128,0
6250,I-694,WB,45.03029,-92.96256,0
6251,I-694,WB,45.03173,-92.96478,0
7305,I-694,WB,45.03173,-92.96478,0
6252,I-694,WB,45.0327,-92.96819,1
6253,I-694,WB,45.0327,-92.96819,2
6254,I-694,WB,45.03372,-92.97893,2
7721,I-694,WB,45.03372,-92.97893,1
6255,I-694,WB,45.03417,-92.9838,1
6256,I-694,WB,45.03417,-92.9838,2
6257,I-694,WB,45.0349,-92.98879,0
7306,I-694,WB,45.0349,-92.98879,0
5539,I-694,WB,45.03543,-93.0874,1
5540,I-694,WB,45.03543,-93.0874,2
5541,I-694,WB,45.03543,-93.0874,3
6258,I-694,WB,45.0363,-93.00112,1
6259,I-694,WB,45.0363,-93.00112,2
5527,I-694,WB,45.0366,-93.07602,1
5528,I-694,WB,45.0366,-93.07602,2
5529,I-694,WB,45.0366,-93.07602,3
5530,I-694,WB,45.0366,-93.07602,4
5531,I-694,WB,45.0366,-93.07602,5
5532,I-694,WB,45.0366,-93.07602,6
7816,I-694,WB,45.0366,-93.07602,1
7817,I-694,WB,45.0366,-93.07602,2
7818,I-694,WB,45.0366,-93.07602,3
7819,I-694,WB,45.0366,-93.07602,4
7820,I-694,WB,45.0366,-93.07602,5
7821,I-694,WB,45.0366,-93.07602,6
6264,I-694,WB,45.03725,-93.02797,1
6265,I-694,WB,45.03725,-93.02797,2
6263,I-694,WB,45.03736,-93.02247,0
7307,I-694,WB,45.03736,-93.02247,0
6260,I-694,WB,45.03742,-93.0133,0
6261,I-694,WB,45.03744,-93.01592,1
6262,I-694,WB,45.03744,-93.01592,2
6266,I-694,WB,45.03746,-93.03681,0
5521,I-694,WB,45.03764,-93.0438,1
5522,I-694,WB,45.03764,-93.0438,2
5520,I-694,WB,45.03769,-93.04623,0
6575,I-694,WB,45.03783,-93.05362,1
6576,I-694,WB,45.03783,-93.05362,2
6577,I-694,WB,45.03783,-93.05362,3
5524,I-694,WB,45.03784,-93.06324,1
5525,I-694,WB,45.03784,-93.06324,2
5526,I-694,WB,45.03784,-93.06324,3
5523,I-694,WB,45.03788,-93.0567,0
5542,I-694,WB,45.04284,-93.10225,1
5543,I-694,WB,45.04284,-93.10225,2
5544,I-694,WB,45.04284,-93.10225,3
7783,I-694,WB,45.04284,-93.10225,4
T6013,I-694,WB,45.04284,-93.10225,1
T6014,I-694,WB,45.04284,-93.10225,2
7764,I-694,WB,45.04382,-93.10394,0
7784,I-694,WB,45.04467,-93.1055,1
7785,I-694,WB,45.04467,-93.1055,2
7786,I-694,WB,45.04467,-93.1055,3
7763,I-694,WB,45.04682,-93.10915,0
7787,I-694,WB,45.04858,-93.11231,1
7788,I-694,WB,45.04858,-93.11231,2
7789,I-694,WB,45.04858,-93.11231,3
4303,I-694,WB,45.05261,-93.11852,1
4304,I-694,WB,45.05261,-93.11852,2
7790,I-694,WB,45.05261,-93.11852,3
T6006,I-694,WB,45.05261,-93.11852,1
T6007,I-694,WB,45.05261,-93.11852,2
4309,I-694,WB,45.05543,-93.1272,0
4300,I-694,WB,45.05576,-93.12868,1
4301,I-694,WB,45.05576,-93.12868,2
7791,I-694,WB,45.05576,-93.12868,3
T6017,I-694,WB,45.05576,-93.12868,1
T6018,I-694,WB,45.05576,-93.12868,2
4302,I-694,WB,45.0563,-93.13108,0
7762,I-694,WB,45.0563,-93.13108,0
4348,I-694,WB,45.05777,-93.13778,1
4349,I-694,WB,45.05777,-93.13778,2
7792,I-694,WB,45.05777,-93.13778,1
7793,I-694,WB,45.05777,-93.13778,4
T6019,I-694,WB,45.05777,-93.13778,1
T6020,I-694,WB,45.05777,-93.13778,2
4369,I-694,WB,45.05883,-93.14263,0
4375,I-694,WB,45.06008,-93.14835,1
4376,I-694,WB,45.06008,-93.14835,2
4382,I-694,WB,45.06008,-93.14835,3
T6021,I-694,WB,45.06008,-93.14835,1
T6022,I-694,WB,45.06008,-93.14835,2
4379,I-694,WB,45.06178,-93.15754,0
7525,I-694,WB,45.06178,-93.15754,0
4384,I-694,WB,45.06343,-93.16027,1
4385,I-694,WB,45.06343,-93.16027,2
4397,I-694,WB,45.06343,-93.16027,3
4830,I-694,WB,45.06467,-93.2214,0
753,I-694,WB,45.06467,-93.2214,0
750,I-694,WB,45.06467,-93.21789,1
751,I-694,WB,45.06467,-93.21789,2
752,I-694,WB,45.06467,-93.21789,3
754,I-694,WB,45.06469,-93.21505,0
760,I-694,WB,45.06473,-93.21006,1
761,I-694,WB,45.06473,-93.21006,2
762,I-694,WB,45.06473,-93.21006,3
20,I-694,WB,45.06495,-93.20546,0
4829,I-694,WB,45.06495,-93.20546,0
744,I-694,WB,45.06507,-93.22771,1
745,I-694,WB,45.06507,-93.22771,2
746,I-694,WB,45.06507,-93.22771,3
14,I-694,WB,45.06558,-93.20198,1
15,I-694,WB,45.06558,-93.20198,2
16,I-694,WB,45.06558,-93.20198,3
501,I-694,WB,45.06609,-93.23538,1
502,I-694,WB,45.06609,-93.23538,2
503,I-694,WB,45.06609,-93.23538,3
4446,I-694,WB,45.06617,-93.16585,0
449,I-694,WB,45.06628,-93.19881,0
9430,I-694,WB,45.06634,-93.23747,1
9431,I-694,WB,45.06634,-93.23747,2
9432,I-694,WB,45.06634,-93.23747,3
216,I-694,WB,45.06677,-93.19501,1
217,I-694,WB,45.06677,-93.19501,2
218,I-694,WB,45.06677,-93.19501,3
4398,I-694,WB,45.06685,-93.17276,1
4399,I-694,WB,45.06685,-93.17276,2
4828,I-694,WB,45.06705,-93.19054,0
486,I-694,WB,45.06705,-93.19054,0
8160,I-694,WB,45.06705,-93.19054,0
554,I-694,WB,45.06714,-93.24274,0
T3534,I-694,WB,45.06714,-93.18906,1
9357,I-694,WB,45.06717,-93.24298,1
9358,I-694,WB,45.06717,-93.24298,2
9359,I-694,WB,45.06717,-93.24298,3
614,I-694,WB,45.06723,-93.18761,1
615,I-694,WB,45.06723,-93.18761,2
616,I-694,WB,45.06723,-93.18761,3
734,I-694,WB,45.06727,-93.24388,1
735,I-694,WB,45.06727,-93.24388,2
736,I-694,WB,45.06727,-93.24388,3
9363,I-694,WB,45.06733,-93.18389,1
9364,I-694,WB,45.06733,-93.18389,2
859,I-694,WB,45.06733,-93.18295,1
860,I-694,WB,45.06733,-93.18295,2
8156,I-694,WB,45.06734,-93.1849,0
8157,I-694,WB,45.06734,-93.1849,0
861,I-694,WB,45.06734,-93.1849,0
3075,I-694,WB,45.06759,-93.24689,0
4831,I-694,WB,45.06759,-93.24689,0
557,I-694,WB,45.06759,-93.24689,0
587,I-694,WB,45.06818,-93.25167,1
588,I-694,WB,45.06818,-93.25167,2
589,I-694,WB,45.06818,-93.25167,3
3076,I-694,WB,45.0682,-93.25187,0
3077,I-694,WB,45.0682,-93.25187,0
3078,I-694,WB,45.0682,-93.25187,0
4832,I-694,WB,45.0682,-93.25187,0
561,I-694,WB,45.0682,-93.25187,0
562,I-694,WB,45.06871,-93.25926,0
1076,I-694,WB,45.06882,-93.26758,0
1077,I-694,WB,45.06882,-93.26758,0
3069,I-694,WB,45.06882,-93.26758,0
4834,I-694,WB,45.06882,-93.26758,0
1078,I-694,WB,45.06882,-93.26757,0
3015,I-694,WB,45.06882,-93.26757,0
4833,I-694,WB,45.06882,-93.26757,0
512,I-694,WB,45.06882,-93.26274,1
513,I-694,WB,45.06882,-93.26274,2
514,I-694,WB,45.06882,-93.26274,3
3072,I-694,WB,45.06887,-93.26938,1
515,I-694,WB,45.06887,-93.26938,2
516,I-694,WB,45.06887,-93.26938,3
517,I-694,WB,45.06887,-93.26938,4
566,I-694,WB,45.06907,-93.27361,0
518,I-694,WB,45.06924,-93.27712,1
519,I-694,WB,45.06924,-93.27712,2
520,I-694,WB,45.06924,-93.27712,3
3079,I-694,WB,45.0693,-93.27841,0
4835,I-694,WB,45.0693,-93.27841,0
732,I-694,WB,45.0693,-93.27841,0
9367,I-694,WB,45.0693,-93.27838,2
9368,I-694,WB,45.0693,-93.27838,3
9369,I-694,WB,45.0693,-93.27838,4
9440,I-694,WB,45.0693,-93.27838,1
3876,I-694,WB,45.0693,-93.27829,1
4444,I-694,WB,45.0693,-93.27829,2
4836,I-694,WB,45.0693,-93.27829,0
733,I-694,WB,45.0693,-93.27829,0
450,I-694,WB,45.06954,-93.28331,0
443,I-694,WB,45.0696,-93.28424,1
444,I-694,WB,45.0696,-93.28424,2
445,I-694,WB,45.0696,-93.28424,3
446,I-694,WB,45.0696,-93.28424,4
447,I-694,WB,45.06972,-93.2868,0
436,I-694,WB,45.06976,-93.28723,1
437,I-694,WB,45.06976,-93.28723,2
438,I-694,WB,45.06976,-93.28723,3
9350,I-694,WB,45.06982,-93.28831,1
9351,I-694,WB,45.06982,-93.28831,2
9352,I-694,WB,45.06982,-93.28831,3
643,I-694,WB,45.06985,-93.29437,1
644,I-694,WB,45.06985,-93.29437,2
5400,I-694,WB,45.07,-93.292,2
645,I-694,WB,45.07,-93.292,1
5040,I-94,EB,44.94832,-92.98877,0
5041,I-94,EB,44.94834,-92.98462,1
5042,I-94,EB,44.94834,-92.98462,2
5059,I-94,EB,44.94834,-92.98462,3
5043,I-94,EB,44.94838,-92.98287,0
T9529,I-94,EB,44.94839,-92.98063,1
T9530,I-94,EB,44.94839,-92.98063,2
5044,I-94,EB,44.94842,-92.97176,1
5045,I-94,EB,44.94842,-92.97176,2
5046,I-94,EB,44.94842,-92.97176,3
5047,I-94,EB,44.94842,-92.97176,4
T9531,I-94,EB,44.94846,-92.97109,0
T9532,I-94,EB,44.94846,-92.97109,0
5080,I-94,EB,44.94853,-92.95678,1
5081,I-94,EB,44.94853,-92.95678,2
5082,I-94,EB,44.94853,-92.95678,3
5083,I-94,EB,44.94855,-92.96123,1
5084,I-94,EB,44.94855,-92.96123,2
5087,I-94,EB,44.94855,-92.96123,3
5039,I-94,EB,44.94927,-92.99748,0
5037,I-94,EB,44.94945,-92.99896,1
5038,I-94,EB,44.94945,-92.99896,2
5058,I-94,EB,44.94945,-92.99896,3
T9315,I-94,EB,44.95008,-93.10314,1
T9316,I-94,EB,44.95008,-93.10314,2
5036,I-94,EB,44.95011,-93.00442,0
2485,I-94,EB,44.95033,-93.10403,1
2486,I-94,EB,44.95033,-93.10403,2
2487,I-94,EB,44.95033,-93.10403,3
5055,I-94,EB,44.95036,-93.00649,1
5056,I-94,EB,44.95036,-93.00649,2
5057,I-94,EB,44.95036,-93.00649,3
2652,I-94,EB,44.95043,-93.1044,0
3158,I-94,EB,44.95043,-93.1044,1
3779,I-94,EB,44.95043,-93.1044,2
4862,I-94,EB,44.95043,-93.1044,0
5035,I-94,EB,44.95049,-93.00758,0
2648,I-94,EB,44.9508,-93.11033,1
2649,I-94,EB,44.9508,-93.11033,2
2650,I-94,EB,44.9508,-93.11033,3
T9311,I-94,EB,44.9508,-93.11033,1
T9312,I-94,EB,44.9508,-93.11033,2
7283,I-94,EB,44.95103,-93.11548,1
7284,I-94,EB,44.95103,-93.11548,2
7285,I-94,EB,44.95103,-93.11548,3
7286,I-94,EB,44.95103,-93.11548,4
7287,I-94,EB,44.95103,-93.11548,5
3181,I-94,EB,44.95107,-93.11582,0
5030,I-94,EB,44.95119,-93.02288,0
5027,I-94,EB,44.95121,-93.02557,1
5028,I-94,EB,44.95121,-93.02557,2
5029,I-94,EB,44.95121,-93.02557,3
5026,I-94,EB,44.95127,-93.02714,0
T9306,I-94,EB,44.95132,-93.11877,1
T9307,I-94,EB,44.95132,-93.11877,1
T9308,I-94,EB,44.95132,-93.11877,2
5031,I-94,EB,44.95143,-93.01942,0
5032,I-94,EB,44.95149,-93.01781,1
5033,I-94,EB,44.95149,-93.01781,2
5034,I-94,EB,44.95149,-93.01781,3
2634,I-94,EB,44.95156,-93.16256,1
2635,I-94,EB,44.95156,-93.16256,2
2636,I-94,EB,44.95156,-93.16256,3
6981,I-94,EB,44.95156,-93.16256,0
2637,I-94,EB,44.95156,-93.16196,0
3531,I-94,EB,44.95156,-93.16196,0
4859,I-94,EB,44.95156,-93.16196,0
7274,I-94,EB,44.95158,-93.16478,0
7275,I-94,EB,44.95158,-93.16478,1
7276,I-94,EB,44.95158,-93.16478,2
7277,I-94,EB,44.95158,-93.16478,3
3156,I-94,EB,44.95158,-93.15975,0
2638,I-94,EB,44.95158,-93.14367,1
2639,I-94,EB,44.95158,-93.14367,2
2640,I-94,EB,44.95158,-93.14367,3
2641,I-94,EB,44.95158,-93.14367,4
6984,I-94,EB,44.95158,-93.14367,0
2642,I-94,EB,44.95159,-93.1419,0
3532,I-94,EB,44.95159,-93.1419,0
4860,I-94,EB,44.95159,-93.1419,0
3175,I-94,EB,44.95161,-93.15079,0
3176,I-94,EB,44.95161,-93.13685,1
3177,I-94,EB,44.95161,-93.13685,2
3178,I-94,EB,44.95161,-93.13685,3
3179,I-94,EB,44.95161,-93.13685,4
6986,I-94,EB,44.95161,-93.13685,0
2647,I-94,EB,44.95161,-93.12235,0
3533,I-94,EB,44.95161,-93.12235,0
4861,I-94,EB,44.95161,-93.12235,0
V3533,I-94,EB,44.95161,-93.12235,0
3170,I-94,EB,44.95162,-93.17076,0
3171,I-94,EB,44.95162,-93.15644,1
3172,I-94,EB,44.95162,-93.15644,2
3173,I-94,EB,44.95162,-93.15644,3
3174,I-94,EB,44.95162,-93.15644,4
7037,I-94,EB,44.95162,-93.15644,0
2643,I-94,EB,44.95162,-93.1236,1
2644,I-94,EB,44.95162,-93.1236,2
2645,I-94,EB,44.95162,-93.1236,3
2646,I-94,EB,44.95162,-93.1236,4
6988,I-94,EB,44.95162,-93.1236,0
3180,I-94,EB,44.95163,-93.13311,0
T9300,I-94,EB,44.95163,-93.12608,1
T9301,I-94,EB,44.95163,-93.12608,2
7734,I-94,EB,44.95173,-93.06089,1
7735,I-94,EB,44.95173,-93.06089,2
7736,I-94,EB,44.95173,-93.06089,3
7737,I-94,EB,44.95173,-93.06089,4
7738,I-94,EB,44.95173,-93.06089,5
T9350,I-94,EB,44.95174,-93.06171,1
T9351,I-94,EB,44.95174,-93.06171,2
T9352,I-94,EB,44.95174,-93.06171,3
T9353,I-94,EB,44.95174,-93.06171,4
T9354,I-94,EB,44.95174,-93.06171,5
3184,I-94,EB,44.95181,-93.08576,0
5011,I-94,EB,44.95181,-93.05137,1
5012,I-94,EB,44.95181,-93.05137,2
5013,I-94,EB,44.95181,-93.05137,3
5014,I-94,EB,44.95181,-93.05137,4
5015,I-94,EB,44.95181,-93.05137,5
3194,I-94,EB,44.95183,-93.0662,1
3195,I-94,EB,44.95183,-93.0662,2
3191,I-94,EB,44.95189,-93.06805,1
3192,I-94,EB,44.95189,-93.06805,2
3193,I-94,EB,44.95189,-93.06805,3
3245,I-94,EB,44.95189,-93.06805,4
T9343,I-94,EB,44.95205,-93.06945,1
T9344,I-94,EB,44.95205,-93.06945,2
T9345,I-94,EB,44.95205,-93.06945,3
T9346,I-94,EB,44.95205,-93.06945,4
4950,I-94,EB,44.95215,-93.03452,0
5024,I-94,EB,44.95215,-93.03452,2
5025,I-94,EB,44.95215,-93.03452,3
6498,I-94,EB,44.95215,-93.03452,0
6499,I-94,EB,44.95215,-93.03452,1
5016,I-94,EB,44.95227,-93.04646,1
5017,I-94,EB,44.95227,-93.04646,2
T9323,I-94,EB,44.95234,-93.08727,1
T9324,I-94,EB,44.95234,-93.08727,2
5021,I-94,EB,44.95257,-93.03933,1
5022,I-94,EB,44.95257,-93.03933,2
5023,I-94,EB,44.95257,-93.03933,3
2475,I-94,EB,44.95286,-93.08846,0
2552,I-94,EB,44.95329,-93.08093,0
3204,I-94,EB,44.95329,-93.08093,0
3205,I-94,EB,44.95329,-93.08093,0
4864,I-94,EB,44.95329,-93.08093,0
3185,I-94,EB,44.9535,-93.08035,1
3186,I-94,EB,44.9535,-93.08035,2
3187,I-94,EB,44.9535,-93.08035,3
8450,I-94,EB,44.9535,-93.08035,4
8451,I-94,EB,44.9535,-93.08035,5
T9329,I-94,EB,44.9535,-93.08035,3
T9330,I-94,EB,44.9535,-93.08035,0
T9331,I-94,EB,44.9535,-93.08035,3
T9332,I-94,EB,44.9535,-93.08035,4
3166,I-94,EB,44.95355,-93.18487,1
3167,I-94,EB,44.95355,-93.18487,2
3168,I-94,EB,44.95355,-93.18487,3
3169,I-94,EB,44.95355,-93.18487,4
6978,I-94,EB,44.95355,-93.18487,0
1891,I-94,EB,44.95357,-93.09336,1
1892,I-94,EB,44.95357,-93.09336,2
1893,I-94,EB,44.95357,-93.09336,3
T9319,I-94,EB,44.95357,-93.09336,1
T9320,I-94,EB,44.95357,-93.09336,2
3183,I-94,EB,44.95359,-93.0901,0
3196,I-94,EB,44.95372,-93.07985,0
1894,I-94,EB,44.95377,-93.09101,0
3159,I-94,EB,44.95377,-93.09101,0
4863,I-94,EB,44.95377,-93.09101,0
3197,I-94,EB,44.95448,-93.07768,1
3198,I-94,EB,44.95448,-93.07768,2
T9335,I-94,EB,44.9548,-93.07614,0
T9336,I-94,EB,44.9548,-93.07614,2
T9337,I-94,EB,44.9548,-93.07614,3
T9338,I-94,EB,44.9548,-93.07614,4
3188,I-94,EB,44.95485,-93.07485,1
3189,I-94,EB,44.95485,-93.07485,2
3190,I-94,EB,44.95485,-93.07485,3
3199,I-94,EB,44.95485,-93.07485,4
2629,I-94,EB,44.95498,-93.18928,0
3529,I-94,EB,44.95498,-93.18928,1
3530,I-94,EB,44.95498,-93.18928,2
4858,I-94,EB,44.95498,-93.18928,0
2630,I-94,EB,44.95542,-93.19053,1
2631,I-94,EB,44.95542,-93.19053,2
2632,I-94,EB,44.95542,-93.19053,3
2633,I-94,EB,44.95542,-93.19053,4
6977,I-94,EB,44.95542,-93.19053,0
7265,I-94,EB,44.95663,-93.19393,0
7266,I-94,EB,44.95663,-93.19393,1
7267,I-94,EB,44.95663,-93.19393,2
7268,I-94,EB,44.95663,-93.19393,3
7269,I-94,EB,44.95663,-93.19393,4
3165,I-94,EB,44.9582,-93.19809,0
3164,I-94,EB,44.95834,-93.1984,0
8852,I-94,EB,44.95966,-93.20428,1
8853,I-94,EB,44.95966,-93.20428,2
8854,I-94,EB,44.95966,-93.20428,3
8855,I-94,EB,44.95966,-93.20428,4
2628,I-94,EB,44.95967,-93.20406,1
6562,I-94,EB,44.95967,-93.20406,2
2625,I-94,EB,44.95976,-93.20303,1
2626,I-94,EB,44.95976,-93.20303,2
2627,I-94,EB,44.95976,-93.20303,3
3161,I-94,EB,44.96147,-93.212,1
3162,I-94,EB,44.96147,-93.212,2
3163,I-94,EB,44.96147,-93.212,3
6561,I-94,EB,44.96147,-93.212,4
3133,I-94,EB,44.96422,-93.24091,0
3134,I-94,EB,44.96422,-93.23944,1
3135,I-94,EB,44.96422,-93.23944,2
3136,I-94,EB,44.96422,-93.23944,3
6558,I-94,EB,44.96422,-93.23944,4
2616,I-94,EB,44.9644,-93.22994,0
3148,I-94,EB,44.9644,-93.22994,0
4856,I-94,EB,44.9644,-93.22994,0
2617,I-94,EB,44.96445,-93.22971,1
2618,I-94,EB,44.96445,-93.22971,2
2619,I-94,EB,44.96445,-93.22971,3
3137,I-94,EB,44.96445,-93.22971,4
6559,I-94,EB,44.96445,-93.22971,5
431,I-94,EB,44.9646,-93.28686,1
432,I-94,EB,44.9646,-93.28686,2
433,I-94,EB,44.9646,-93.28686,3
1241,I-94,EB,44.96463,-93.28355,0
3124,I-94,EB,44.96463,-93.28355,0
434,I-94,EB,44.96463,-93.28355,0
4851,I-94,EB,44.96463,-93.28355,0
2615,I-94,EB,44.96463,-93.24442,0
3128,I-94,EB,44.96463,-93.24442,0
4855,I-94,EB,44.96463,-93.24442,0
3125,I-94,EB,44.96475,-93.28307,1
3150,I-94,EB,44.96475,-93.28307,1
3151,I-94,EB,44.96475,-93.28307,2
3778,I-94,EB,44.96475,-93.28307,2
435,I-94,EB,44.96475,-93.28307,0
4852,I-94,EB,44.96475,-93.28307,0
2611,I-94,EB,44.96518,-93.24628,1
2612,I-94,EB,44.96518,-93.24628,2
2613,I-94,EB,44.96518,-93.24628,3
2614,I-94,EB,44.96518,-93.24628,4
6557,I-94,EB,44.96518,-93.24628,5
7256,I-94,EB,44.96533,-93.24678,1
7257,I-94,EB,44.96533,-93.24678,2
7258,I-94,EB,44.96533,-93.24678,3
7259,I-94,EB,44.96533,-93.24678,4
2601,I-94,EB,44.96544,-93.26478,1
2602,I-94,EB,44.96544,-93.26478,2
2603,I-94,EB,44.96544,-93.26478,3
8797,I-94,EB,44.96544,-93.26478,1
8798,I-94,EB,44.96544,-93.26478,2
8799,I-94,EB,44.96544,-93.26478,3
2604,I-94,EB,44.96545,-93.26327,0
3126,I-94,EB,44.96545,-93.26327,0
4853,I-94,EB,44.96545,-93.26327,0
8805,I-94,EB,44.96545,-93.26327,0
2605,I-94,EB,44.96545,-93.25692,0
425,I-94,EB,44.96556,-93.28797,1
426,I-94,EB,44.96556,-93.28797,2
427,I-94,EB,44.96556,-93.28797,3
2606,I-94,EB,44.96565,-93.25434,1
2607,I-94,EB,44.96565,-93.25434,2
2608,I-94,EB,44.96565,-93.25434,3
2609,I-94,EB,44.96575,-93.25391,0
2600,I-94,EB,44.96584,-93.24815,0
2610,I-94,EB,44.96584,-93.24815,0
3127,I-94,EB,44.96584,-93.24815,0
4854,I-94,EB,44.96584,-93.24815,0
413,I-94,EB,44.96594,-93.27855,1
414,I-94,EB,44.96594,-93.27855,2
415,I-94,EB,44.96594,-93.27855,3
419,I-94,EB,44.96594,-93.27855,4
8836,I-94,EB,44.96616,-93.25091,1
8837,I-94,EB,44.96616,-93.25091,2
8838,I-94,EB,44.96616,-93.25091,3
497,I-94,EB,44.96623,-93.27122,1
498,I-94,EB,44.96623,-93.27122,2
499,I-94,EB,44.96623,-93.27122,3
3145,I-94,EB,44.9664,-93.22515,0
8842,I-94,EB,44.9668,-93.21981,1
8843,I-94,EB,44.9668,-93.21981,2
8844,I-94,EB,44.9668,-93.21981,3
8845,I-94,EB,44.9668,-93.21981,4
8846,I-94,EB,44.9668,-93.21981,5
2624,I-94,EB,44.96696,-93.22039,0
3146,I-94,EB,44.96696,-93.22039,0
3147,I-94,EB,44.96696,-93.22039,0
4857,I-94,EB,44.96696,-93.22039,0
5310,I-94,EB,44.96696,-93.22039,2
2620,I-94,EB,44.96716,-93.22223,1
2621,I-94,EB,44.96716,-93.22223,2
2622,I-94,EB,44.96716,-93.22223,3
6560,I-94,EB,44.96716,-93.22223,4
416,I-94,EB,44.96812,-93.28801,1
417,I-94,EB,44.96812,-93.28801,2
418,I-94,EB,44.96812,-93.28801,3
407,I-94,EB,44.97006,-93.28771,1
408,I-94,EB,44.97006,-93.28771,2
409,I-94,EB,44.97006,-93.28771,3
723,I-94,EB,44.97334,-93.28779,0
730,I-94,EB,44.97475,-93.28761,1
731,I-94,EB,44.97475,-93.28761,2
726,I-94,EB,44.9768,-93.28761,1
727,I-94,EB,44.9768,-93.28761,1
728,I-94,EB,44.9768,-93.28761,2
1245,I-94,EB,44.97858,-93.2876,2
3123,I-94,EB,44.97858,-93.2876,0
4850,I-94,EB,44.97858,-93.2876,0
724,I-94,EB,44.97858,-93.2876,0
725,I-94,EB,44.97858,-93.2876,2
719,I-94,EB,44.98406,-93.28788,1
720,I-94,EB,44.98406,-93.28788,2
721,I-94,EB,44.98406,-93.28788,3
716,I-94,EB,44.98773,-93.28865,1
717,I-94,EB,44.98773,-93.28865,2
718,I-94,EB,44.98773,-93.28865,3
711,I-94,EB,44.9886,-93.28852,1
712,I-94,EB,44.9886,-93.28852,2
713,I-94,EB,44.9886,-93.28852,3
714,I-94,EB,44.9886,-93.28852,4
715,I-94,EB,44.9886,-93.28852,5
21,I-94,EB,44.99296,-93.28463,1
22,I-94,EB,44.99296,-93.28463,2
23,I-94,EB,44.99296,-93.28463,3
24,I-94,EB,44.99296,-93.28463,4
25,I-94,EB,44.99296,-93.28463,5
1385,I-94,EB,44.99577,-93.28316,0
4849,I-94,EB,44.99577,-93.28316,0
709,I-94,EB,44.99577,-93.28316,0
710,I-94,EB,44.99577,-93.28316,2
703,I-94,EB,44.99898,-93.28297,1
704,I-94,EB,44.99898,-93.28297,2
705,I-94,EB,44.99898,-93.28297,3
706,I-94,EB,44.99898,-93.28297,4
38,I-94,EB,45.00431,-93.28289,1
39,I-94,EB,45.00431,-93.28289,2
40,I-94,EB,45.00431,-93.28289,3
41,I-94,EB,45.00431,-93.28289,4
42,I-94,EB,45.00431,-93.28289,5
37,I-94,EB,45.00669,-93.28282,0
49,I-94,EB,45.00952,-93.28285,1
50,I-94,EB,45.00952,-93.28285,2
51,I-94,EB,45.00952,-93.28285,3
52,I-94,EB,45.00952,-93.28285,4
53,I-94,EB,45.00952,-93.28285,5
59,I-94,EB,45.01841,-93.28306,1
60,I-94,EB,45.01841,-93.28306,2
61,I-94,EB,45.01841,-93.28306,3
62,I-94,EB,45.01841,-93.28306,4
63,I-94,EB,45.01841,-93.28306,5
3539,I-94,EB,45.0213,-93.28346,0
420,I-94,EB,45.0213,-93.28346,0
4848,I-94,EB,45.0213,-93.28346,0
64,I-94,EB,45.0213,-93.28346,0
696,I-94,EB,45.02409,-93.28476,1
697,I-94,EB,45.02409,-93.28476,2
698,I-94,EB,45.02409,-93.28476,3
699,I-94,EB,45.02409,-93.28476,4
700,I-94,EB,45.02648,-93.28591,0
82,I-94,EB,45.02961,-93.2873,1
83,I-94,EB,45.02961,-93.2873,2
84,I-94,EB,45.02961,-93.2873,3
85,I-94,EB,45.02961,-93.2873,4
86,I-94,EB,45.03447,-93.28701,1
87,I-94,EB,45.03447,-93.28701,2
88,I-94,EB,45.03447,-93.28701,3
89,I-94,EB,45.03447,-93.28701,4
609,I-94,EB,45.03961,-93.28527,0
601,I-94,EB,45.03968,-93.28524,1
602,I-94,EB,45.03968,-93.28524,2
603,I-94,EB,45.03968,-93.28524,3
604,I-94,EB,45.03968,-93.28524,4
687,I-94,EB,45.04424,-93.28481,1
688,I-94,EB,45.04424,-93.28481,2
689,I-94,EB,45.04424,-93.28481,3
690,I-94,EB,45.04424,-93.28481,4
507,I-94,EB,45.05131,-93.2854,1
508,I-94,EB,45.05131,-93.2854,2
509,I-94,EB,45.05131,-93.2854,3
510,I-94,EB,45.05131,-93.2854,4
511,I-94,EB,45.05505,-93.28697,0
468,I-94,EB,45.05816,-93.28724,1
469,I-94,EB,45.05816,-93.28724,2
470,I-94,EB,45.05816,-93.28724,3
471,I-94,EB,45.05816,-93.28724,4
476,I-94,EB,45.0648,-93.28621,1
477,I-94,EB,45.0648,-93.28621,2
478,I-94,EB,45.0648,-93.28621,3
479,I-94,EB,45.0648,-93.28621,4
599,I-94,EB,45.06835,-93.28779,1
600,I-94,EB,45.06835,-93.28779,2
3906,I-94,EB,45.06888,-93.30024,0
4845,I-94,EB,45.06888,-93.30024,0
672,I-94,EB,45.06888,-93.30024,0
685,I-94,EB,45.06915,-93.29331,1
686,I-94,EB,45.06915,-93.29331,2
691,I-94,EB,45.06915,-93.29331,3
665,I-94,EB,45.06998,-93.3047,1
666,I-94,EB,45.06998,-93.3047,2
667,I-94,EB,45.06998,-93.3047,3
668,I-94,EB,45.06998,-93.3047,4
669,I-94,EB,45.07043,-93.30643,0
7650,I-94,EB,45.07081,-93.30767,1
7651,I-94,EB,45.07081,-93.30767,2
7652,I-94,EB,45.07081,-93.30767,3
7653,I-94,EB,45.07081,-93.30767,4
983,I-94,EB,45.07425,-93.31939,1
984,I-94,EB,45.07425,-93.31939,2
985,I-94,EB,45.07425,-93.31939,3
986,I-94,EB,45.07425,-93.31939,4
3905,I-94,EB,45.07572,-93.32906,0
4844,I-94,EB,45.07572,-93.32906,0
660,I-94,EB,45.07572,-93.32906,0
663,I-94,EB,45.07572,-93.32906,0
664,I-94,EB,45.07572,-93.32906,1
657,I-94,EB,45.07574,-93.33163,1
658,I-94,EB,45.07574,-93.33163,2
659,I-94,EB,45.07574,-93.33163,3
981,I-94,EB,45.07577,-93.33625,0
3149,I-94,EB,45.07583,-93.3432,3
976,I-94,EB,45.07583,-93.3432,1
977,I-94,EB,45.07583,-93.3432,2
2579,I-94,EB,45.07616,-93.35672,3
971,I-94,EB,45.07616,-93.35672,1
972,I-94,EB,45.07616,-93.35672,2
2857,I-94,EB,45.07767,-93.36791,0
2858,I-94,EB,45.07767,-93.36791,0
4843,I-94,EB,45.07767,-93.36791,0
970,I-94,EB,45.07767,-93.36791,0
967,I-94,EB,45.07792,-93.3721,0
1459,I-94,EB,45.07816,-93.3786,3
959,I-94,EB,45.07816,-93.3786,1
960,I-94,EB,45.07816,-93.3786,2
2587,I-94,EB,45.07863,-93.38797,0
4842,I-94,EB,45.07863,-93.38797,0
958,I-94,EB,45.07863,-93.38797,0
2585,I-94,EB,45.07877,-93.38873,3
950,I-94,EB,45.07877,-93.38873,1
951,I-94,EB,45.07877,-93.38873,2
952,I-94,EB,45.07877,-93.38873,3
955,I-94,EB,45.07986,-93.39253,0
1981,I-94,EB,45.08149,-93.39767,0
4841,I-94,EB,45.08149,-93.39767,0
949,I-94,EB,45.08149,-93.39767,0
1980,I-94,EB,45.08328,-93.40312,0
4840,I-94,EB,45.08328,-93.40312,0
942,I-94,EB,45.08328,-93.40312,0
2581,I-94,EB,45.08375,-93.40459,1
2582,I-94,EB,45.08375,-93.40459,4
938,I-94,EB,45.08375,-93.40459,2
939,I-94,EB,45.08375,-93.40459,3
5002,I-94,EB,45.08649,-93.4153,3
5003,I-94,EB,45.08649,-93.4153,4
934,I-94,EB,45.08649,-93.4153,1
935,I-94,EB,45.08649,-93.4153,2
1069,I-94,EB,45.08846,-93.42418,0
1070,I-94,EB,45.08846,-93.42418,2
2958,I-94,EB,45.08846,-93.42418,0
4839,I-94,EB,45.08846,-93.42418,0
930,I-94,EB,45.08846,-93.42418,0
1155,I-94,EB,45.08917,-93.42906,4
1308,I-94,EB,45.08917,-93.42906,1
925,I-94,EB,45.08917,-93.42906,2
926,I-94,EB,45.08917,-93.42906,3
933,I-94,EB,45.08932,-93.43013,0
917,I-94,EB,45.09127,-93.44562,1
918,I-94,EB,45.09127,-93.44562,2
907,I-94,EB,45.09991,-93.45461,1
908,I-94,EB,45.09991,-93.45461,2
909,I-94,EB,45.09991,-93.45461,3
T9123,I-94,EB,45.09991,-93.45461,1
T9124,I-94,EB,45.09991,-93.45461,2
T9125,I-94,EB,45.09991,-93.45461,3
2856,I-94,EB,45.1033,-93.45873,0
4838,I-94,EB,45.1033,-93.45873,0
906,I-94,EB,45.1033,-93.45873,0
900,I-94,EB,45.10412,-93.45973,1
901,I-94,EB,45.10412,-93.45973,2
902,I-94,EB,45.10412,-93.45973,3
T9120,I-94,EB,45.10412,-93.45973,1
T9121,I-94,EB,45.10412,-93.45973,2
T9122,I-94,EB,45.10412,-93.45973,3
2853,I-94,EB,45.10515,-93.46106,0
2854,I-94,EB,45.10515,-93.46106,0
2855,I-94,EB,45.10515,-93.46106,0
4837,I-94,EB,45.10515,-93.46106,0
5398,I-94,EB,45.10739,-93.46537,0
8394,I-94,EB,45.10844,-93.46741,1
8395,I-94,EB,45.10844,-93.46741,2
8396,I-94,EB,45.10844,-93.46741,3
T9117,I-94,EB,45.11033,-93.47015,1
T9118,I-94,EB,45.11033,-93.47015,2
T9119,I-94,EB,45.11033,-93.47015,3
8388,I-94,EB,45.11114,-93.47126,1
8389,I-94,EB,45.11114,-93.47126,2
8390,I-94,EB,45.11114,-93.47126,3
8387,I-94,EB,45.1146,-93.47608,0
5395,I-94,EB,45.11537,-93.47713,1
5396,I-94,EB,45.11537,-93.47713,2
5397,I-94,EB,45.11537,-93.47713,3
T9114,I-94,EB,45.11537,-93.47713,1
T9115,I-94,EB,45.11537,-93.47713,2
T9116,I-94,EB,45.11537,-93.47713,3
8379,I-94,EB,45.12313,-93.48315,1
8380,I-94,EB,45.12313,-93.48315,2
8381,I-94,EB,45.12313,-93.48315,3
8382,I-94,EB,45.12313,-93.48315,4
T9111,I-94,EB,45.12313,-93.48315,1
T9112,I-94,EB,45.12313,-93.48315,2
T9113,I-94,EB,45.12313,-93.48315,3
5389,I-94,EB,45.12512,-93.48434,0
5390,I-94,EB,45.12512,-93.48434,0
7632,I-94,EB,45.12512,-93.48434,0
7858,I-94,EB,45.12512,-93.48434,0
5392,I-94,EB,45.12595,-93.48483,1
5393,I-94,EB,45.12595,-93.48483,2
5394,I-94,EB,45.12595,-93.48483,3
5388,I-94,EB,45.12996,-93.48761,0
8373,I-94,EB,45.13084,-93.48838,1
8374,I-94,EB,45.13084,-93.48838,2
8375,I-94,EB,45.13084,-93.48838,3
T9108,I-94,EB,45.13084,-93.48838,1
T9109,I-94,EB,45.13084,-93.48838,2
T9110,I-94,EB,45.13084,-93.48838,3
T9549,I-94,WB,44.94852,-92.98068,1
T9550,I-94,WB,44.94852,-92.98068,2
5140,I-94,WB,44.94854,-92.9833,0
5143,I-94,WB,44.94855,-92.98892,0
5141,I-94,WB,44.94855,-92.98462,1
5142,I-94,WB,44.94855,-92.98462,2
5153,I-94,WB,44.94855,-92.98462,3
T9551,I-94,WB,44.94864,-92.97102,1
T9552,I-94,WB,44.94864,-92.97102,2
5134,I-94,WB,44.94869,-92.95679,1
5135,I-94,WB,44.94869,-92.95679,2
7038,I-94,WB,44.94869,-92.95679,3
5136,I-94,WB,44.94877,-92.96922,1
5137,I-94,WB,44.94877,-92.96922,2
5138,I-94,WB,44.94877,-92.96922,3
5139,I-94,WB,44.94877,-92.96922,4
5144,I-94,WB,44.94932,-92.99639,2
5145,I-94,WB,44.94971,-92.99909,1
5146,I-94,WB,44.94971,-92.99909,2
5148,I-94,WB,44.94971,-92.99909,3
5147,I-94,WB,44.94995,-93.00079,1
5052,I-94,WB,44.95058,-93.00641,1
5053,I-94,WB,44.95058,-93.00641,2
5054,I-94,WB,44.95058,-93.00641,3
2490,I-94,WB,44.95075,-93.10331,1
2491,I-94,WB,44.95075,-93.10331,2
2492,I-94,WB,44.95075,-93.10331,3
T9317,I-94,WB,44.95075,-93.10331,1
T9318,I-94,WB,44.95075,-93.10331,2
1890,I-94,WB,44.95088,-93.10487,0
3534,I-94,WB,44.95088,-93.10487,0
4867,I-94,WB,44.95088,-93.10487,0
4926,I-94,WB,44.95088,-93.00895,0
5149,I-94,WB,44.95088,-93.00895,0
3227,I-94,WB,44.95089,-93.10608,0
2653,I-94,WB,44.95093,-93.11033,1
2654,I-94,WB,44.95093,-93.11033,2
2655,I-94,WB,44.95093,-93.11033,3
T9313,I-94,WB,44.95093,-93.11033,1
T9314,I-94,WB,44.95093,-93.11033,2
3228,I-94,WB,44.95101,-93.11214,0
2593,I-94,WB,44.9511,-93.11352,0
2656,I-94,WB,44.9511,-93.11352,0
2657,I-94,WB,44.9511,-93.11352,0
4868,I-94,WB,44.9511,-93.11352,0
7278,I-94,WB,44.95125,-93.11545,0
7279,I-94,WB,44.95125,-93.11545,1
7280,I-94,WB,44.95125,-93.11545,2
7281,I-94,WB,44.95125,-93.11545,3
7282,I-94,WB,44.95125,-93.11545,4
7850,I-94,WB,44.95125,-93.11545,0
5155,I-94,WB,44.95142,-93.02278,0
5156,I-94,WB,44.95144,-93.02552,1
5157,I-94,WB,44.95144,-93.02552,2
5158,I-94,WB,44.95144,-93.02552,3
T9309,I-94,WB,44.9515,-93.1188,1
T9310,I-94,WB,44.9515,-93.1188,2
4928,I-94,WB,44.95151,-93.02745,0
5159,I-94,WB,44.95151,-93.02745,0
4927,I-94,WB,44.95165,-93.01945,0
5154,I-94,WB,44.95165,-93.01945,0
5150,I-94,WB,44.95173,-93.01782,1
5151,I-94,WB,44.95173,-93.01782,2
5152,I-94,WB,44.95173,-93.01782,3
3211,I-94,WB,44.95178,-93.16205,0
2595,I-94,WB,44.95179,-93.15035,0
2667,I-94,WB,44.95179,-93.15035,0
4870,I-94,WB,44.95179,-93.15035,0
2663,I-94,WB,44.95179,-93.14374,1
2664,I-94,WB,44.95179,-93.14374,2
2665,I-94,WB,44.95179,-93.14374,3
2666,I-94,WB,44.95179,-93.14374,4
6983,I-94,WB,44.95179,-93.14374,0
7270,I-94,WB,44.9518,-93.16477,0
7271,I-94,WB,44.9518,-93.16477,1
7272,I-94,WB,44.9518,-93.16477,2
7273,I-94,WB,44.9518,-93.16477,3
3217,I-94,WB,44.95181,-93.14197,0
2668,I-94,WB,44.95183,-93.16994,1
2669,I-94,WB,44.95183,-93.16994,2
2670,I-94,WB,44.95183,-93.16994,3
6980,I-94,WB,44.95183,-93.16994,0
3212,I-94,WB,44.95183,-93.1564,1
3213,I-94,WB,44.95183,-93.1564,2
3214,I-94,WB,44.95183,-93.1564,3
3215,I-94,WB,44.95183,-93.1564,4
6982,I-94,WB,44.95183,-93.1564,0
3218,I-94,WB,44.95183,-93.13689,1
3219,I-94,WB,44.95183,-93.13689,2
3220,I-94,WB,44.95183,-93.13689,3
3221,I-94,WB,44.95183,-93.13689,4
6985,I-94,WB,44.95183,-93.13689,0
2500,I-94,WB,44.95184,-93.17088,0
2596,I-94,WB,44.95184,-93.17088,0
2671,I-94,WB,44.95184,-93.17088,0
4871,I-94,WB,44.95184,-93.17088,0
3226,I-94,WB,44.95184,-93.12312,0
2594,I-94,WB,44.95185,-93.13395,0
2658,I-94,WB,44.95185,-93.13395,0
4869,I-94,WB,44.95185,-93.13395,0
3216,I-94,WB,44.95186,-93.15318,0
T9302,I-94,WB,44.95186,-93.12608,1
T9303,I-94,WB,44.95186,-93.12608,2
T9304,I-94,WB,44.95186,-93.12608,3
T9305,I-94,WB,44.95186,-93.12608,4
3222,I-94,WB,44.95187,-93.1267,1
3223,I-94,WB,44.95187,-93.1267,2
3224,I-94,WB,44.95187,-93.1267,3
3225,I-94,WB,44.95187,-93.1267,4
6987,I-94,WB,44.95187,-93.1267,0
7746,I-94,WB,44.95196,-93.06087,1
7747,I-94,WB,44.95196,-93.06087,2
7748,I-94,WB,44.95196,-93.06087,3
7749,I-94,WB,44.95196,-93.06087,4
7750,I-94,WB,44.95196,-93.06087,5
7743,I-94,WB,44.95196,-93.03171,1
7744,I-94,WB,44.95196,-93.03171,2
7745,I-94,WB,44.95196,-93.03171,3
T9355,I-94,WB,44.95198,-93.06176,1
T9356,I-94,WB,44.95198,-93.06176,2
T9357,I-94,WB,44.95198,-93.06176,3
T9358,I-94,WB,44.95198,-93.06176,4
T9359,I-94,WB,44.95198,-93.06176,5
5171,I-94,WB,44.95201,-93.05166,1
5172,I-94,WB,44.95201,-93.05166,2
5173,I-94,WB,44.95201,-93.05166,3
5174,I-94,WB,44.95201,-93.05166,4
5175,I-94,WB,44.95201,-93.05166,5
3241,I-94,WB,44.95208,-93.06737,1
3242,I-94,WB,44.95208,-93.06737,2
3238,I-94,WB,44.95211,-93.06805,1
3239,I-94,WB,44.95211,-93.06805,2
3240,I-94,WB,44.95211,-93.06805,3
T9347,I-94,WB,44.95226,-93.06932,1
T9348,I-94,WB,44.95226,-93.06932,2
T9349,I-94,WB,44.95226,-93.06932,3
5164,I-94,WB,44.95245,-93.047,1
5165,I-94,WB,44.95245,-93.047,2
5160,I-94,WB,44.95245,-93.0354,0
5161,I-94,WB,44.95278,-93.03929,1
5162,I-94,WB,44.95278,-93.03929,2
5163,I-94,WB,44.95278,-93.03929,3
3207,I-94,WB,44.95283,-93.18185,1
3208,I-94,WB,44.95283,-93.18185,2
3209,I-94,WB,44.95283,-93.18185,3
3210,I-94,WB,44.95283,-93.18185,4
6979,I-94,WB,44.95283,-93.18185,0
T9325,I-94,WB,44.95285,-93.08322,1
T9326,I-94,WB,44.95285,-93.08322,2
T9327,I-94,WB,44.95285,-93.08322,3
T9328,I-94,WB,44.95285,-93.08322,4
3229,I-94,WB,44.9533,-93.08177,0
7815,I-94,WB,44.9533,-93.08177,0
3230,I-94,WB,44.95333,-93.08169,0
3231,I-94,WB,44.95377,-93.08043,1
3232,I-94,WB,44.95377,-93.08043,2
3233,I-94,WB,44.95377,-93.08043,3
T9333,I-94,WB,44.95377,-93.08043,1
T9334,I-94,WB,44.95377,-93.08043,2
T9321,I-94,WB,44.95388,-93.08958,1
T9322,I-94,WB,44.95388,-93.08958,2
1896,I-94,WB,44.95429,-93.09023,0
1897,I-94,WB,44.9545,-93.09098,1
1898,I-94,WB,44.9545,-93.09098,2
1899,I-94,WB,44.9545,-93.09098,3
2578,I-94,WB,44.95477,-93.07788,1
2589,I-94,WB,44.95477,-93.07788,2
3244,I-94,WB,44.95477,-93.07788,0
4865,I-94,WB,44.95477,-93.07788,0
T9339,I-94,WB,44.95507,-93.07384,1
T9340,I-94,WB,44.95507,-93.07384,2
T9341,I-94,WB,44.95507,-93.07384,3
3206,I-94,WB,44.9552,-93.18916,0
3234,I-94,WB,44.9553,-93.07585,1
3235,I-94,WB,44.9553,-93.07585,2
3236,I-94,WB,44.9553,-93.07585,3
T9342,I-94,WB,44.95532,-93.07543,0
7260,I-94,WB,44.95674,-93.1936,0
7261,I-94,WB,44.95674,-93.1936,1
7262,I-94,WB,44.95674,-93.1936,2
7263,I-94,WB,44.95674,-93.1936,3
7264,I-94,WB,44.95674,-93.1936,4
2672,I-94,WB,44.95712,-93.19464,1
2673,I-94,WB,44.95712,-93.19464,2
2674,I-94,WB,44.95712,-93.19464,3
2675,I-94,WB,44.95712,-93.19464,4
6976,I-94,WB,44.95712,-93.19464,0
2623,I-94,WB,44.95765,-93.19611,0
2699,I-94,WB,44.95765,-93.19611,0
2700,I-94,WB,44.95765,-93.19611,0
3527,I-94,WB,44.95765,-93.19611,1
3528,I-94,WB,44.95765,-93.19611,2
4872,I-94,WB,44.95765,-93.19611,0
7061,I-94,WB,44.95765,-93.19611,0
7062,I-94,WB,44.95765,-93.19611,0
7063,I-94,WB,44.95765,-93.19611,0
7064,I-94,WB,44.95765,-93.19611,0
3203,I-94,WB,44.96,-93.20091,0
2676,I-94,WB,44.96034,-93.20487,1
2677,I-94,WB,44.96034,-93.20487,2
2678,I-94,WB,44.96034,-93.20487,3
7036,I-94,WB,44.96034,-93.20487,4
2597,I-94,WB,44.96035,-93.20964,0
2598,I-94,WB,44.96035,-93.20964,0
2679,I-94,WB,44.96035,-93.20964,0
4873,I-94,WB,44.96035,-93.20964,0
3200,I-94,WB,44.96257,-93.21311,1
3201,I-94,WB,44.96257,-93.21311,2
3202,I-94,WB,44.96257,-93.21311,3
6563,I-94,WB,44.96257,-93.21311,4
2591,I-94,WB,44.96436,-93.23846,0
2687,I-94,WB,44.96436,-93.23846,0
4875,I-94,WB,44.96436,-93.23846,0
2684,I-94,WB,44.96436,-93.23804,1
2685,I-94,WB,44.96436,-93.23804,2
2686,I-94,WB,44.96436,-93.23804,3
6566,I-94,WB,44.96436,-93.23804,4
375,I-94,WB,44.96458,-93.28585,1
376,I-94,WB,44.96458,-93.28585,2
377,I-94,WB,44.96458,-93.28585,3
3138,I-94,WB,44.96458,-93.23013,0
378,I-94,WB,44.96478,-93.28671,1
379,I-94,WB,44.96478,-93.28671,2
380,I-94,WB,44.96478,-93.28671,3
373,I-94,WB,44.96486,-93.28341,1
374,I-94,WB,44.96486,-93.28341,2
3139,I-94,WB,44.96504,-93.22865,1
3140,I-94,WB,44.96504,-93.22865,2
3141,I-94,WB,44.96504,-93.22865,3
3142,I-94,WB,44.96504,-93.22865,4
6565,I-94,WB,44.96504,-93.22865,5
3129,I-94,WB,44.96512,-93.24537,0
3130,I-94,WB,44.9654,-93.24617,1
3131,I-94,WB,44.9654,-93.24617,2
3132,I-94,WB,44.9654,-93.24617,3
6567,I-94,WB,44.9654,-93.24617,4
7252,I-94,WB,44.96558,-93.24668,1
7253,I-94,WB,44.96558,-93.24668,2
7254,I-94,WB,44.96558,-93.24668,3
7255,I-94,WB,44.96558,-93.24668,4
381,I-94,WB,44.96563,-93.28775,1
382,I-94,WB,44.96563,-93.28775,2
383,I-94,WB,44.96563,-93.28775,3
369,I-94,WB,44.96564,-93.28046,1
370,I-94,WB,44.96564,-93.28046,2
371,I-94,WB,44.96564,-93.28046,3
372,I-94,WB,44.96564,-93.28046,4
2688,I-94,WB,44.96601,-93.24793,0
7249,I-94,WB,44.96603,-93.26861,1
7250,I-94,WB,44.96603,-93.26861,2
7251,I-94,WB,44.96603,-93.26861,3
175,I-94,WB,44.96605,-93.26532,0
7241,I-94,WB,44.96605,-93.26425,1
7242,I-94,WB,44.96605,-93.26425,2
7243,I-94,WB,44.96605,-93.26425,3
7244,I-94,WB,44.96605,-93.26425,4
2695,I-94,WB,44.96605,-93.26399,1
2696,I-94,WB,44.96605,-93.26399,2
2697,I-94,WB,44.96605,-93.26399,3
2698,I-94,WB,44.96605,-93.26399,4
7245,I-94,WB,44.96608,-93.26573,0
7246,I-94,WB,44.96608,-93.26573,1
7247,I-94,WB,44.96608,-93.26573,2
7248,I-94,WB,44.96608,-93.26573,3
2692,I-94,WB,44.96608,-93.25418,1
2693,I-94,WB,44.96608,-93.25418,2
2694,I-94,WB,44.96608,-93.25418,3
6568,I-94,WB,44.96608,-93.25418,4
2690,I-94,WB,44.96611,-93.2597,0
2592,I-94,WB,44.96612,-93.25863,0
2691,I-94,WB,44.96612,-93.25863,0
4876,I-94,WB,44.96612,-93.25863,0
365,I-94,WB,44.96615,-93.27861,1
366,I-94,WB,44.96615,-93.27861,2
367,I-94,WB,44.96615,-93.27861,3
368,I-94,WB,44.96615,-93.27861,4
8839,I-94,WB,44.96635,-93.2509,1
8840,I-94,WB,44.96635,-93.2509,2
8841,I-94,WB,44.96635,-93.2509,3
356,I-94,WB,44.96637,-93.27099,1
357,I-94,WB,44.96637,-93.27099,2
358,I-94,WB,44.96637,-93.27099,3
361,I-94,WB,44.9668,-93.27543,0
362,I-94,WB,44.9668,-93.27543,1
363,I-94,WB,44.9668,-93.27543,2
364,I-94,WB,44.9668,-93.27543,3
2599,I-94,WB,44.96683,-93.27503,0
4878,I-94,WB,44.96683,-93.27503,0
569,I-94,WB,44.96683,-93.27503,0
4877,I-94,WB,44.96683,-93.27431,0
570,I-94,WB,44.96683,-93.27431,0
2680,I-94,WB,44.96703,-93.22436,0
3144,I-94,WB,44.96703,-93.22436,0
3526,I-94,WB,44.96703,-93.22436,0
4874,I-94,WB,44.96703,-93.22436,0
8847,I-94,WB,44.96704,-93.21995,1
8848,I-94,WB,44.96704,-93.21995,2
8849,I-94,WB,44.96704,-93.21995,3
8850,I-94,WB,44.96704,-93.21995,4
8851,I-94,WB,44.96704,-93.21995,5
3143,I-94,WB,44.96723,-93.22064,0
2681,I-94,WB,44.96737,-93.22225,1
2682,I-94,WB,44.96737,-93.22225,2
2683,I-94,WB,44.96737,-93.22225,3
6564,I-94,WB,44.96737,-93.22225,4
390,I-94,WB,44.96813,-93.28777,1
391,I-94,WB,44.96813,-93.28777,2
392,I-94,WB,44.96813,-93.28777,3
399,I-94,WB,44.97059,-93.28731,1
400,I-94,WB,44.97059,-93.28731,2
401,I-94,WB,44.97059,-93.28731,3
612,I-94,WB,44.97275,-93.28731,1
613,I-94,WB,44.97275,-93.28731,2
617,I-94,WB,44.97678,-93.28729,1
618,I-94,WB,44.97678,-93.28729,2
619,I-94,WB,44.97678,-93.28729,3
620,I-94,WB,44.97719,-93.28729,0
5006,I-94,WB,44.97914,-93.28726,0
5323,I-94,WB,44.97914,-93.28726,0
1071,I-94,WB,44.97987,-93.28723,0
621,I-94,WB,44.98409,-93.28758,1
622,I-94,WB,44.98409,-93.28758,2
623,I-94,WB,44.98409,-93.28758,3
624,I-94,WB,44.98409,-93.28758,4
625,I-94,WB,44.98409,-93.28758,5
626,I-94,WB,44.98856,-93.28821,1
627,I-94,WB,44.98856,-93.28821,2
628,I-94,WB,44.98856,-93.28821,3
629,I-94,WB,44.98856,-93.28821,4
630,I-94,WB,44.98856,-93.28821,5
26,I-94,WB,44.99285,-93.28435,1
27,I-94,WB,44.99285,-93.28435,2
28,I-94,WB,44.99285,-93.28435,3
29,I-94,WB,44.99285,-93.28435,4
30,I-94,WB,44.99285,-93.28435,5
5325,I-94,WB,44.99401,-93.28342,0
631,I-94,WB,44.99888,-93.28266,1
632,I-94,WB,44.99888,-93.28266,2
633,I-94,WB,44.99888,-93.28266,3
634,I-94,WB,44.99888,-93.28266,4
635,I-94,WB,45.00091,-93.28261,1
636,I-94,WB,45.00091,-93.28261,2
43,I-94,WB,45.00429,-93.28268,1
44,I-94,WB,45.00429,-93.28268,2
45,I-94,WB,45.00429,-93.28268,3
46,I-94,WB,45.00429,-93.28268,4
47,I-94,WB,45.00429,-93.28268,5
48,I-94,WB,45.00563,-93.2827,0
4879,I-94,WB,45.00563,-93.2827,0
54,I-94,WB,45.0095,-93.28266,1
55,I-94,WB,45.0095,-93.28266,2
56,I-94,WB,45.0095,-93.28266,3
57,I-94,WB,45.0095,-93.28266,4
58,I-94,WB,45.0095,-93.28266,5
65,I-94,WB,45.01835,-93.28275,1
66,I-94,WB,45.01835,-93.28275,2
67,I-94,WB,45.01835,-93.28275,3
68,I-94,WB,45.01835,-93.28275,4
69,I-94,WB,45.01835,-93.28275,5
71,I-94,WB,45.01984,-93.2829,0
73,I-94,WB,45.02415,-93.28437,1
74,I-94,WB,45.02415,-93.28437,2
75,I-94,WB,45.02415,-93.28437,3
76,I-94,WB,45.02415,-93.28437,4
4880,I-94,WB,45.02607,-93.28538,0
77,I-94,WB,45.02607,-93.28538,0
78,I-94,WB,45.02967,-93.28692,1
79,I-94,WB,45.02967,-93.28692,2
80,I-94,WB,45.02967,-93.28692,3
81,I-94,WB,45.02967,-93.28692,4
90,I-94,WB,45.0344,-93.28659,1
91,I-94,WB,45.0344,-93.28659,2
92,I-94,WB,45.0344,-93.28659,3
93,I-94,WB,45.0344,-93.28659,4
605,I-94,WB,45.03961,-93.28493,1
606,I-94,WB,45.03961,-93.28493,2
607,I-94,WB,45.03961,-93.28493,3
608,I-94,WB,45.03961,-93.28493,4
610,I-94,WB,45.03982,-93.28489,0
637,I-94,WB,45.04424,-93.28448,1
638,I-94,WB,45.04424,-93.28448,2
639,I-94,WB,45.04424,-93.28448,3
640,I-94,WB,45.04424,-93.28448,4
451,I-94,WB,45.05142,-93.28511,1
452,I-94,WB,45.05142,-93.28511,2
453,I-94,WB,45.05142,-93.28511,3
454,I-94,WB,45.05142,-93.28511,4
455,I-94,WB,45.05407,-93.28611,0
4881,I-94,WB,45.05407,-93.28611,0
472,I-94,WB,45.05814,-93.28702,1
473,I-94,WB,45.05814,-93.28702,2
474,I-94,WB,45.05814,-93.28702,3
475,I-94,WB,45.05814,-93.28702,4
481,I-94,WB,45.06443,-93.28572,1
482,I-94,WB,45.06443,-93.28572,2
483,I-94,WB,45.06443,-93.28572,3
484,I-94,WB,45.06443,-93.28572,4
387,I-94,WB,45.06846,-93.28752,1
388,I-94,WB,45.06846,-93.28752,2
641,I-94,WB,45.06975,-93.29427,1
642,I-94,WB,45.06975,-93.29427,2
648,I-94,WB,45.06987,-93.30108,0
649,I-94,WB,45.07051,-93.30483,1
650,I-94,WB,45.07051,-93.30483,2
651,I-94,WB,45.07051,-93.30483,3
652,I-94,WB,45.07051,-93.30483,4
740,I-94,WB,45.07102,-93.30672,0
8858,I-94,WB,45.07122,-93.30742,1
8859,I-94,WB,45.07122,-93.30742,2
8860,I-94,WB,45.07122,-93.30742,3
8861,I-94,WB,45.07122,-93.30742,4
3410,I-94,WB,45.07275,-93.31305,0
4882,I-94,WB,45.07275,-93.31305,0
739,I-94,WB,45.07275,-93.31305,0
987,I-94,WB,45.07444,-93.31918,1
988,I-94,WB,45.07444,-93.31918,2
989,I-94,WB,45.07444,-93.31918,3
990,I-94,WB,45.07444,-93.31918,4
656,I-94,WB,45.07594,-93.32904,0
653,I-94,WB,45.07596,-93.33164,1
654,I-94,WB,45.07596,-93.33164,2
655,I-94,WB,45.07596,-93.33164,3
3411,I-94,WB,45.07599,-93.3365,0
4883,I-94,WB,45.07599,-93.3365,0
982,I-94,WB,45.07599,-93.3365,0
978,I-94,WB,45.07606,-93.34319,1
979,I-94,WB,45.07606,-93.34319,2
980,I-94,WB,45.07606,-93.34319,3
2580,I-94,WB,45.07638,-93.3567,3
973,I-94,WB,45.07638,-93.3567,1
974,I-94,WB,45.07638,-93.3567,2
969,I-94,WB,45.07797,-93.36891,0
2859,I-94,WB,45.07817,-93.37283,0
4884,I-94,WB,45.07817,-93.37283,0
968,I-94,WB,45.07817,-93.37283,0
1462,I-94,WB,45.07837,-93.37883,3
961,I-94,WB,45.07837,-93.37883,1
962,I-94,WB,45.07837,-93.37883,2
957,I-94,WB,45.07887,-93.38796,0
2586,I-94,WB,45.07965,-93.3911,3
953,I-94,WB,45.07965,-93.3911,1
954,I-94,WB,45.07965,-93.3911,2
2588,I-94,WB,45.08012,-93.39255,0
4885,I-94,WB,45.08012,-93.39255,0
956,I-94,WB,45.08012,-93.39255,0
1982,I-94,WB,45.08296,-93.40139,0
4886,I-94,WB,45.08296,-93.40139,0
948,I-94,WB,45.08296,-93.40139,0
944,I-94,WB,45.08348,-93.40298,0
2583,I-94,WB,45.08395,-93.40443,1
2584,I-94,WB,45.08395,-93.40443,4
940,I-94,WB,45.08395,-93.40443,2
941,I-94,WB,45.08395,-93.40443,3
1999,I-94,WB,45.08454,-93.40626,0
4887,I-94,WB,45.08454,-93.40626,0
943,I-94,WB,45.08454,-93.40626,0
5000,I-94,WB,45.08667,-93.41508,3
5001,I-94,WB,45.08667,-93.41508,4
936,I-94,WB,45.08667,-93.41508,1
937,I-94,WB,45.08667,-93.41508,2
932,I-94,WB,45.08868,-93.42411,0
927,I-94,WB,45.08942,-93.42909,1
928,I-94,WB,45.08942,-93.42909,2
929,I-94,WB,45.08942,-93.42909,3
2852,I-94,WB,45.08973,-93.43135,0
4888,I-94,WB,45.08973,-93.43135,0
931,I-94,WB,45.08973,-93.43135,0
921,I-94,WB,45.09284,-93.44482,1
922,I-94,WB,45.09284,-93.44482,2
910,I-94,WB,45.10009,-93.45441,1
911,I-94,WB,45.10009,-93.45441,2
912,I-94,WB,45.10009,-93.45441,3
T9126,I-94,WB,45.10009,-93.45441,1
T9127,I-94,WB,45.10009,-93.45441,2
5331,I-94,WB,45.10231,-93.45711,0
903,I-94,WB,45.10434,-93.45958,1
904,I-94,WB,45.10434,-93.45958,2
905,I-94,WB,45.10434,-93.45958,3
T9129,I-94,WB,45.10434,-93.45958,1
T9130,I-94,WB,45.10434,-93.45958,2
5333,I-94,WB,45.10681,-93.46324,0
8403,I-94,WB,45.10681,-93.46324,0
8404,I-94,WB,45.10681,-93.46324,0
8405,I-94,WB,45.10681,-93.46324,0
8397,I-94,WB,45.10893,-93.46767,1
8398,I-94,WB,45.10893,-93.46767,2
8399,I-94,WB,45.10893,-93.46767,3
T9132,I-94,WB,45.11051,-93.46985,1
T9133,I-94,WB,45.11051,-93.46985,2
8391,I-94,WB,45.11132,-93.471,1
8392,I-94,WB,45.11132,-93.471,2
8393,I-94,WB,45.11132,-93.471,3
5334,I-94,WB,45.11559,-93.47688,1
5335,I-94,WB,45.11559,-93.47688,2
5336,I-94,WB,45.11559,-93.47688,3
T9135,I-94,WB,45.11559,-93.47688,1
T9136,I-94,WB,45.11559,-93.47688,2
8383,I-94,WB,45.12256,-93.48251,1
8384,I-94,WB,45.12256,-93.48251,2
8385,I-94,WB,45.12256,-93.48251,3
8386,I-94,WB,45.12256,-93.48251,4
T9138,I-94,WB,45.12256,-93.48251,1
T9139,I-94,WB,45.12256,-93.48251,2
5337,I-94,WB,45.12282,-93.48261,0
5338,I-94,WB,45.12575,-93.48437,1
5339,I-94,WB,45.12575,-93.48437,2
5340,I-94,WB,45.12575,-93.48437,3
5342,I-94,WB,45.12949,-93.48685,0
8400,I-94,WB,45.12949,-93.48685,0
8401,I-94,WB,45.12949,-93.48685,0
8402,I-94,WB,45.12949,-93.48685,0
8376,I-94,WB,45.13091,-93.48812,1
8377,I-94,WB,45.13091,-93.48812,2
8378,I-94,WB,45.13091,-93.48812,3
T9141,I-94,WB,45.13091,-93.48812,1
T9142,I-94,WB,45.13091,-93.48812,2
